,TIME_UNIX,DATE_STR,HOUR_STR,OPEN_PRICE,HIGH_PRICE,CLOSE_PRICE,LOW_PRICE,VOLUME_FROM,VOLUME_TO,Dominance,fag
0,1756598400,8/31/2025,0,108833.53,109421.44,109410.18,108826.57,773.08,84365272.92,57.3726609337016,40
1,1756602000,8/31/2025,1,109410.18,109510.25,109457.72,109172.76,610.49,66753160.93,57.3726609337016,40
2,1756605600,8/31/2025,2,109457.72,109475.46,109252.17,109211.76,261.26,28569882.21,57.3726609337016,40
3,1756609200,8/31/2025,3,109252.17,109404.7,109248.19,109197.02,245.96,26883238.7,57.3726609337016,40
4,1756612800,8/31/2025,4,109248.19,109257.29,108837.53,108710.64,281.26,30643495.37,57.3726609337016,40
5,1756616400,8/31/2025,5,108837.53,108837.93,108784.04,108595.14,250.53,27231091.78,57.3726609337016,40
6,1756620000,8/31/2025,6,108784.04,108803.63,108744.19,108559.05,160.12,17407113.23,57.3726609337016,40
7,1756623600,8/31/2025,7,108744.19,108855.48,108740.65,108699.25,158.25,17215529.46,57.3726609337016,40
8,1756627200,8/31/2025,8,108740.65,109049.81,109043.69,108736.93,172.07,18742965.58,57.3726609337016,40
9,1756630800,8/31/2025,9,109043.69,109129.52,108531.49,108480.08,370.82,40352849.95,57.3726609337016,40
10,1756634400,8/31/2025,10,108531.49,108655.03,108596.13,108344.58,378.39,41048116.17,57.3726609337016,40
11,1756638000,8/31/2025,11,108596.13,108624.51,108412.38,108352.37,210.22,22803448.18,57.3726609337016,40
12,1756641600,8/31/2025,12,108412.38,108501.99,108344.91,108329.12,338.19,36660374.23,57.3726609337016,40
13,1756645200,8/31/2025,13,108344.91,108464.25,108429.87,108216.83,512.97,55562919.59,57.3726609337016,40
14,1756648800,8/31/2025,14,108429.87,108528.5,108485.72,108285.7,395.59,42886148.34,57.3726609337016,40
15,1756652400,8/31/2025,15,108485.72,108864.9,108830.14,108481.43,347.24,37727611.51,57.3726609337016,40
16,1756656000,8/31/2025,16,108830.14,108993.35,108943.91,108585.92,555.8,60469700.37,57.3726609337016,40
17,1756659600,8/31/2025,17,108943.91,109021.53,109016.26,108873.7,295.58,32204854.13,57.3726609337016,40
18,1756663200,8/31/2025,18,109016.26,109248.07,109166.4,108953.82,380.65,41528956.41,57.3726609337016,40
19,1756666800,8/31/2025,19,109166.4,109188.54,108953.12,108936.64,251.23,27397845.16,57.3726609337016,40
20,1756670400,8/31/2025,20,108953.12,109148.51,109145.48,108900.96,311.47,33963845.45,57.3726609337016,40
21,1756674000,8/31/2025,21,109145.48,109145.75,109067.26,108976.85,234.12,25535254.35,57.3726609337016,40
22,1756677600,8/31/2025,22,109067.26,109252.84,108904.31,108785.8,537.96,58632167.33,57.3726609337016,40
23,1756681200,8/31/2025,23,108904.31,108928.23,108892.95,108891.85,5.28,575089.48,57.3726609337016,40
24,1756684800,9/1/2025,0,108273.72,108418.89,108248.83,107659.28,1484.83,160369745.36,57.3502904636168,39
25,1756688400,9/1/2025,1,108248.83,108491.29,108172.6,107994.27,1098.14,118827613.91,57.3502904636168,39
26,1756692000,9/1/2025,2,108172.6,108219.13,107649.04,107452.46,1511.49,162863030.05,57.3502904636168,39
27,1756695600,9/1/2025,3,107649.04,107791.55,107682.29,107420.71,768.11,82628057.14,57.3502904636168,39
28,1756699200,9/1/2025,4,107682.29,107766.01,107420.51,107293.13,515.08,55359319.43,57.3502904636168,39
29,1756702800,9/1/2025,5,107420.51,107994.63,107879.93,107271.39,460.53,49566232.02,57.3502904636168,39
30,1756706400,9/1/2025,6,107879.93,108139.81,108083.97,107615.21,327.17,35322030.19,57.3502904636168,39
31,1756710000,9/1/2025,7,108083.97,109441.88,109441.88,108007.59,815.43,88657307.71,57.3502904636168,39
32,1756713600,9/1/2025,8,109441.88,109820.02,109608.54,109440.77,907.79,99503701.9,57.3502904636168,39
33,1756717200,9/1/2025,9,109608.54,109913.29,109532.29,109501.71,783.25,85918577.22,57.3502904636168,39
34,1756720800,9/1/2025,10,109532.29,109548.89,108579.64,108198.93,1106.39,120356103.48,57.3502904636168,39
35,1756724400,9/1/2025,11,108579.64,108864.05,108789.01,108473.88,393.05,42708544.06,57.3502904636168,39
36,1756728000,9/1/2025,12,108789.01,109161.59,109114.05,108652.14,742.28,80871082.51,57.3502904636168,39
37,1756731600,9/1/2025,13,109114.05,109536.56,109039.52,108955.85,1145.11,125087904.98,57.3502904636168,39
38,1756735200,9/1/2025,14,109039.52,109337.03,109177.62,108844.47,956.53,104352568.47,57.3502904636168,39
39,1756738800,9/1/2025,15,109177.62,109395.92,108796.89,108591.52,883.26,96205117.76,57.3502904636168,39
40,1756742400,9/1/2025,16,108796.89,109113.94,108799.82,108677.2,761.29,82922437.4,57.3502904636168,39
41,1756746000,9/1/2025,17,108799.82,108975.16,108946.09,108422.3,1136.89,123591292.51,57.3502904636168,39
42,1756749600,9/1/2025,18,108946.09,109275.85,109242.81,108936.01,637.12,69521446.27,57.3502904636168,39
43,1756753200,9/1/2025,19,109242.81,109330.53,109228.06,109178.77,315.46,34466558.58,57.3502904636168,39
44,1756756800,9/1/2025,20,109228.06,109230.82,108878.67,108284.6,1406.57,152999546.25,57.3502904636168,39
45,1756760400,9/1/2025,21,108878.67,108938.72,107802.06,107479.64,1581.73,170962033.26,57.3502904636168,39
46,1756764000,9/1/2025,22,107802.06,108521.89,108464.43,107614.39,896.94,96922819.39,57.3502904636168,39
47,1756767600,9/1/2025,23,108464.43,108509.56,108508.88,108447.11,17.03,1847231.08,57.3502904636168,39
48,1756771200,9/2/2025,0,109256.28,109340.95,109048.45,108900.97,843.79,92060191.1,57.8287075960318,39
49,1756774800,9/2/2025,1,109048.45,109620.82,109332.15,109002.23,1137.25,124312301.55,57.8287075960318,39
50,1756778400,9/2/2025,2,109332.15,110271.38,110250.57,109193.22,1003.67,110037630.73,57.8287075960318,39
51,1756782000,9/2/2025,3,110250.57,110619.19,110341.26,110080.8,1239.67,136767022.99,57.8287075960318,39
52,1756785600,9/2/2025,4,110341.26,110416.49,110311.29,110163.24,660.91,72874992.34,57.8287075960318,39
53,1756789200,9/2/2025,5,110311.29,110335.89,110229.44,110062.37,281.1,30976397.12,57.8287075960318,39
54,1756792800,9/2/2025,6,110229.44,110630.91,110399.43,110189.46,429.23,47398079.45,57.8287075960318,39
55,1756796400,9/2/2025,7,110399.43,110416.89,110247.9,110024.45,402.76,44399228.71,57.8287075960318,39
56,1756800000,9/2/2025,8,110247.9,110719.09,110379.98,110067.09,628.77,69394307.04,57.8287075960318,39
57,1756803600,9/2/2025,9,110379.98,110697.47,110472.93,110287.22,636.38,70317194.43,57.8287075960318,39
58,1756807200,9/2/2025,10,110472.93,110502.92,110283.13,110158.02,489.07,53957793.5,57.8287075960318,39
59,1756810800,9/2/2025,11,110283.13,110285.34,109764.03,109605.46,435.9,47935587,57.8287075960318,39
60,1756814400,9/2/2025,12,109764.03,109869.29,108824.33,108420.77,2082.54,227142713.33,57.8287075960318,39
61,1756818000,9/2/2025,13,108824.33,111316.35,111191.03,108779.96,3819.54,420732576.39,57.8287075960318,39
62,1756821600,9/2/2025,14,111191.03,111796.23,111375.51,110822.95,3095.82,344633519.81,57.8287075960318,39
63,1756825200,9/2/2025,15,111375.51,111551.14,110847,110647.57,2030.48,225556009.17,57.8287075960318,39
64,1756828800,9/2/2025,16,110847,111144.98,110803.39,110498.75,1647.7,182578529.24,57.8287075960318,39
65,1756832400,9/2/2025,17,110803.39,111067.49,110930.45,110645.09,1185.02,131371843.08,57.8287075960318,39
66,1756836000,9/2/2025,18,110930.45,110957.31,110657.02,110200.45,1537.14,169959241.58,57.8287075960318,39
67,1756839600,9/2/2025,19,110657.02,110851.13,110825.09,110465.86,1028.33,113796196.96,57.8287075960318,39
68,1756843200,9/2/2025,20,110825.09,111443.62,111436.97,110735.62,1140.95,126867240.53,57.8287075960318,39
69,1756846800,9/2/2025,21,111436.97,111556.62,111145.29,111145.29,488.77,54442396.01,57.8287075960318,39
70,1756850400,9/2/2025,22,111145.29,111281.51,111281.51,110887.9,514.1,57111389.33,57.8287075960318,39
71,1756854000,9/2/2025,23,111281.51,111291.74,111259.11,111240.46,22.09,2457510.09,57.8287075960318,39
72,1756857600,9/3/2025,0,111245.94,111784.15,111351.45,111239.59,788.58,87924231.09,57.8320987110925,42
73,1756861200,9/3/2025,1,111351.45,111414.63,111186.48,110906.58,868.19,96469939.75,57.8320987110925,42
74,1756864800,9/3/2025,2,111186.48,111492.75,111389.63,111052.6,692.74,77111012.7,57.8320987110925,42
75,1756868400,9/3/2025,3,111389.63,111414.6,111060.44,110906.66,505.84,56210178.66,57.8320987110925,42
76,1756872000,9/3/2025,4,111060.44,111164.68,111039.87,110852.69,262.27,29120304.45,57.8320987110925,42
77,1756875600,9/3/2025,5,111039.87,111081.98,110716.84,110687.32,299.08,33153658.39,57.8320987110925,42
78,1756879200,9/3/2025,6,110716.84,110896.64,110745.92,110588.72,331.17,36669120.48,57.8320987110925,42
79,1756882800,9/3/2025,7,110745.92,111124.56,111106.49,110556.54,531.07,58844422.1,57.8320987110925,42
80,1756886400,9/3/2025,8,111106.49,111289.92,111035.71,110996.82,354.1,39354157.07,57.8320987110925,42
81,1756890000,9/3/2025,9,111035.71,111330.21,111318.8,110918.04,375.24,41712412.89,57.8320987110925,42
82,1756893600,9/3/2025,10,111318.8,111496.46,111466.33,111184.06,421.4,46939280.76,57.8320987110925,42
83,1756897200,9/3/2025,11,111466.33,111725.78,111478.7,111413.58,345.09,38501568.21,57.8320987110925,42
84,1756900800,9/3/2025,12,111478.7,111886.09,111148.32,111070.33,954.68,106431188.91,57.8320987110925,42
85,1756904400,9/3/2025,13,111148.32,111928.52,111491.96,111107.94,1866.23,208086788.96,57.8320987110925,42
86,1756908000,9/3/2025,14,111491.96,112545.3,112293.52,111143.27,2809,314166893,57.8320987110925,42
87,1756911600,9/3/2025,15,112293.52,112404.38,112249.3,111934.3,1404.5,157586804.37,57.8320987110925,42
88,1756915200,9/3/2025,16,112249.3,112374.19,111892.04,111715.94,969.44,108613897.12,57.8320987110925,42
89,1756918800,9/3/2025,17,111892.04,112601.73,112340.18,111883.58,1223.43,137460832.47,57.8320987110925,42
90,1756922400,9/3/2025,18,112340.18,112561.06,112036.33,111822.44,1183.69,132837444.68,57.8320987110925,42
91,1756926000,9/3/2025,19,112036.33,112293.46,112245.42,111809.33,1040.64,116536191.06,57.8320987110925,42
92,1756929600,9/3/2025,20,112245.42,112298.05,112267.03,112103.05,494.06,55432089.55,57.8320987110925,42
93,1756933200,9/3/2025,21,112267.03,112311.29,112045.64,111811.95,448.06,50226108.55,57.8320987110925,42
94,1756936800,9/3/2025,22,112045.64,112202.72,112005.7,111891.21,384.69,43110094.16,57.8320987110925,42
95,1756940400,9/3/2025,23,112005.7,112025.38,112025.38,112005.68,3.322,372064.37,57.8320987110925,42
96,1756944000,9/4/2025,0,111751.51,112225.93,112126.96,111661.91,582.52,65219246.32,57.6229080651707,44
97,1756947600,9/4/2025,1,112126.96,112129.75,112000.25,111698.28,520.61,58253047.5,57.6229080651707,44
98,1756951200,9/4/2025,2,112000.25,112025.73,111502.4,111456.41,662.12,73947034.01,57.6229080651707,44
99,1756954800,9/4/2025,3,111502.4,111760.77,111193.75,111179.15,777.5,86650484.91,57.6229080651707,44
100,1756958400,9/4/2025,4,111193.75,111369.49,110969.68,110964.7,337.25,37502275.22,57.6229080651707,44
101,1756962000,9/4/2025,5,110969.68,110973.14,110696.12,110625.97,558.98,61917442.99,57.6229080651707,44
102,1756965600,9/4/2025,6,110696.12,110760.66,110435.68,110320.83,483.45,53436962.27,57.6229080651707,44
103,1756969200,9/4/2025,7,110435.68,110681.41,110502.81,110385.62,355.61,39292320.56,57.6229080651707,44
104,1756972800,9/4/2025,8,110502.81,110876.62,110679.04,110453.03,372,41180191.72,57.6229080651707,44
105,1756976400,9/4/2025,9,110679.04,110891.76,110852.88,110679.04,240.68,26675606,57.6229080651707,44
106,1756980000,9/4/2025,10,110852.88,111178.98,110662.91,110662.91,458.96,50925419.84,57.6229080651707,44
107,1756983600,9/4/2025,11,110662.91,111080.79,110850.54,110579.46,467.77,51873706,57.6229080651707,44
108,1756987200,9/4/2025,12,110850.54,111158.75,110970.3,110569.66,829.93,92007136.02,57.6229080651707,44
109,1756990800,9/4/2025,13,110970.3,111003.8,110486.07,110237.31,1652.85,182874508.28,57.6229080651707,44
110,1756994400,9/4/2025,14,110486.07,110539.75,109869.26,109734.86,2292.67,252254751.33,57.6229080651707,44
111,1756998000,9/4/2025,15,109869.26,109885.4,109520.12,109345.22,1722.13,188632106.28,57.6229080651707,44
112,1757001600,9/4/2025,16,109520.12,109699.72,109442.46,109373.85,1123.41,123033592.17,57.6229080651707,44
113,1757005200,9/4/2025,17,109442.46,109927.62,109801.6,109431.87,901.19,98907042.57,57.6229080651707,44
114,1757008800,9/4/2025,18,109801.6,110223.61,110000.23,109721.57,918.18,101031536.24,57.6229080651707,44
115,1757012400,9/4/2025,19,110000.23,110132.76,109818.28,109740.76,1443.81,158735600.59,57.6229080651707,44
116,1757016000,9/4/2025,20,109818.28,110432.57,110415.26,109771.69,839.16,92497784.19,57.6229080651707,44
117,1757019600,9/4/2025,21,110415.26,110566.59,110511.63,110343.69,316.51,34962553.91,57.6229080651707,44
118,1757023200,9/4/2025,22,110511.63,111590.28,111494.91,110494.88,752.29,83422103.15,57.6229080651707,44
119,1757026800,9/4/2025,23,111494.91,111748.82,111746.71,111451.1,58.21,6496033.1,57.6229080651707,44
120,1757030400,9/5/2025,0,110732.33,110943.53,110474.07,110453.67,751.31,83165107.95,58.0300716530877,41
121,1757034000,9/5/2025,1,110474.07,111153.87,111128.52,110472.14,657.19,72828713.98,58.0300716530877,41
122,1757037600,9/5/2025,2,111128.52,111495.99,111352.43,111057.45,902.68,100470024.64,58.0300716530877,41
123,1757041200,9/5/2025,3,111352.43,111352.52,111331.68,111110.88,323.29,35962115.16,58.0300716530877,41
124,1757044800,9/5/2025,4,111331.68,111482.59,111459.02,111162.05,214.08,23833528.73,58.0300716530877,41
125,1757048400,9/5/2025,5,111459.02,111732.15,111592.12,111429.83,298.95,33360203.58,58.0300716530877,41
126,1757052000,9/5/2025,6,111592.12,111918.97,111910.93,111529.57,267.91,29917191.26,58.0300716530877,41
127,1757055600,9/5/2025,7,111910.93,113009.39,112973.38,111900.31,1495.32,168346224.15,58.0300716530877,41
128,1757059200,9/5/2025,8,112973.38,112999.81,112638.92,112622.27,486.01,54824349.21,58.0300716530877,41
129,1757062800,9/5/2025,9,112638.92,112642.3,112310.22,112141.73,866.49,97321849.91,58.0300716530877,41
130,1757066400,9/5/2025,10,112310.22,112581.06,112262.52,112207.41,533.44,59930213.31,58.0300716530877,41
131,1757070000,9/5/2025,11,112262.52,112445.15,112362.53,112155.34,365.63,41060637.61,58.0300716530877,41
132,1757073600,9/5/2025,12,112362.53,113400.39,113233.13,112102.1,3486.03,393119287.49,58.0300716530877,41
133,1757077200,9/5/2025,13,113233.13,113332.94,113099.15,112730.91,2518.03,284662056.54,58.0300716530877,41
134,1757080800,9/5/2025,14,113099.15,113099.55,110576.66,110500.13,4975.24,554035018.73,58.0300716530877,41
135,1757084400,9/5/2025,15,110576.66,111033.19,110724.94,110280.98,1900.48,210336500.99,58.0300716530877,41
136,1757088000,9/5/2025,16,110724.94,110939.8,110819.7,110536.15,1129.26,125040434.12,58.0300716530877,41
137,1757091600,9/5/2025,17,110819.7,110821.28,110613.18,110217.27,1025.38,113369453.83,58.0300716530877,41
138,1757095200,9/5/2025,18,110613.18,111319.52,111220.66,110583.95,1006.91,111781755.82,58.0300716530877,41
139,1757098800,9/5/2025,19,111220.66,111646.5,111629.32,111143.93,1809.45,201509701.97,58.0300716530877,41
140,1757102400,9/5/2025,20,111629.32,111675.04,111651.69,111323.66,886.39,98824403.13,58.0300716530877,41
141,1757106000,9/5/2025,21,111651.69,111708.7,110622.91,110425.34,1677.73,186149833.15,58.0300716530877,41
142,1757109600,9/5/2025,22,110622.91,110947,110829.63,110528.65,406.94,45080467.29,58.0300716530877,41
143,1757113200,9/5/2025,23,110829.63,110831.02,110825.39,110812.48,6.619,733540.64,58.0300716530877,41
144,1757116800,9/6/2025,0,110676.99,110843.34,110796.28,110567.35,356.86,39504504.85,57.8478815034768,41
145,1757120400,9/6/2025,1,110796.28,110932.37,110883.37,110757.24,200.36,22206058.28,57.8478815034768,41
146,1757124000,9/6/2025,2,110883.37,111224.95,111221.69,110752.33,294.76,32698494.13,57.8478815034768,41
147,1757127600,9/6/2025,3,111221.69,111320.3,111092.83,111022.59,386.21,42937390.92,57.8478815034768,41
148,1757131200,9/6/2025,4,111092.83,111093.47,110891.02,110800.63,206.21,22869831.64,57.8478815034768,41
149,1757134800,9/6/2025,5,110891.02,110891.06,110731.02,110717.9,150.6,16683741.09,57.8478815034768,41
150,1757138400,9/6/2025,6,110731.02,110824.19,110774.3,110721.53,100.28,11107123.5,57.8478815034768,41
151,1757142000,9/6/2025,7,110774.3,110850.04,110837.03,110768.2,62.13,6883460.62,57.8478815034768,41
152,1757145600,9/6/2025,8,110837.03,110980.78,110961.27,110791.94,96.47,10695097.1,57.8478815034768,41
153,1757149200,9/6/2025,9,110961.27,110961.31,110717.94,110716.75,167.51,18557445.09,57.8478815034768,41
154,1757152800,9/6/2025,10,110717.94,110808.92,110789.43,110691.36,144.56,16008442.39,57.8478815034768,41
155,1757156400,9/6/2025,11,110789.43,110888.94,110799.02,110690.43,196.35,21743914.15,57.8478815034768,41
156,1757160000,9/6/2025,12,110799.02,110915.31,110847.05,110776.48,195.42,21661087.54,57.8478815034768,41
157,1757163600,9/6/2025,13,110847.05,110965.04,110949.49,110838.28,229.94,25499112.16,57.8478815034768,41
158,1757167200,9/6/2025,14,110949.49,111010.23,110833.81,110807.63,237.42,26332109.23,57.8478815034768,41
159,1757170800,9/6/2025,15,110833.81,110862.9,110421.88,110394.82,536.46,59340762.81,57.8478815034768,41
160,1757174400,9/6/2025,16,110421.88,110436.89,110302.55,110019.89,1314.03,144915048.99,57.8478815034768,41
161,1757178000,9/6/2025,17,110302.55,110313.69,110191.99,110041.54,377.13,41557805.07,57.8478815034768,41
162,1757181600,9/6/2025,18,110191.99,110319.07,110269.76,110103.77,265.44,29258299.65,57.8478815034768,41
163,1757185200,9/6/2025,19,110269.76,110300.83,110082.04,110053.59,240.35,26479426.47,57.8478815034768,41
164,1757188800,9/6/2025,20,110082.04,110199.44,110199.44,110081.44,228.56,25169582.91,57.8478815034768,41
165,1757192400,9/6/2025,21,110199.44,110253.81,110235.26,110137.78,196.36,21640677.55,57.8478815034768,41
166,1757196000,9/6/2025,22,110235.26,110261.85,110204.98,110126.73,246.42,27156330.14,57.8478815034768,41
167,1757199600,9/6/2025,23,110204.98,110205.14,110204.41,110201.18,1.824,201054.04,57.8478815034768,41
168,1757203200,9/7/2025,0,110230.16,110394.67,110386.33,110215.7,184.37,20335012.74,57.8566376553178,40
169,1757206800,9/7/2025,1,110386.33,110616.74,110584.27,110363.41,272.31,30092837.52,57.8566376553178,40
170,1757210400,9/7/2025,2,110584.27,110722.82,110693.39,110478.28,178.78,19768855.15,57.8566376553178,40
171,1757214000,9/7/2025,3,110693.39,110761.81,110662.66,110630.01,152.59,16891039.41,57.8566376553178,40
172,1757217600,9/7/2025,4,110662.66,110674.22,110592.18,110530.04,122.04,13496222.55,57.8566376553178,40
173,1757221200,9/7/2025,5,110592.18,110733,110691.48,110592.08,189.46,20963426.35,57.8566376553178,40
174,1757224800,9/7/2025,6,110691.48,110699.98,110543.95,110519.87,89.95,9949022.9,57.8566376553178,40
175,1757228400,9/7/2025,7,110543.95,110936.5,110782.35,110510.73,332.53,36826369.94,57.8566376553178,40
176,1757232000,9/7/2025,8,110782.35,111377.92,111091.2,110762.05,543.83,60425231.21,57.8566376553178,40
177,1757235600,9/7/2025,9,111091.2,111261.64,111128.47,110914.24,357.94,39768003.34,57.8566376553178,40
178,1757239200,9/7/2025,10,111128.47,111234.85,111227.68,111060.21,180.09,20017834.28,57.8566376553178,40
179,1757242800,9/7/2025,11,111227.68,111296.73,111296.73,111206.25,135.92,15122046.24,57.8566376553178,40
180,1757246400,9/7/2025,12,111296.73,111298.78,111135.52,111087.36,193.69,21531272.97,57.8566376553178,40
181,1757250000,9/7/2025,13,111135.52,111244.09,111220.49,111063.21,179.07,19904185.78,57.8566376553178,40
182,1757253600,9/7/2025,14,111220.49,111406.09,111145.2,111076.04,395.62,43996837.58,57.8566376553178,40
183,1757257200,9/7/2025,15,111145.2,111370.52,111329.3,111119,237.33,26407982.41,57.8566376553178,40
184,1757260800,9/7/2025,16,111329.3,111367.32,111210.38,111171.85,241.72,26890721.72,57.8566376553178,40
185,1757264400,9/7/2025,17,111210.38,111244.89,110985.59,110906.36,406.83,45180160.91,57.8566376553178,40
186,1757268000,9/7/2025,18,110985.59,111073.39,111063.28,110879.17,245.86,27285619.03,57.8566376553178,40
187,1757271600,9/7/2025,19,111063.28,111298.17,111265.09,111061.38,239.91,26674701.75,57.8566376553178,40
188,1757275200,9/7/2025,20,111265.09,111367.22,111338.79,111155.45,346.15,38500858.85,57.8566376553178,40
189,1757278800,9/7/2025,21,111338.79,111340.75,111056.8,111056.8,179.21,19927417.46,57.8566376553178,40
190,1757282400,9/7/2025,22,111056.8,111359.06,111257.77,111016.26,457.51,50865115.85,57.8566376553178,40
191,1757286000,9/7/2025,23,111257.77,111295.18,111287.41,111257.77,24.97,2778283.57,57.8566376553178,40
192,1757289600,9/8/2025,0,111143.24,111288.1,110838.48,110737.24,876.46,97318163.65,57.6983921303783,42
193,1757293200,9/8/2025,1,110838.48,110986.39,110895.37,110730.66,741.76,82236134.92,57.6983921303783,42
194,1757296800,9/8/2025,2,110895.37,111357.78,111237.6,110628.16,723.5,80326444.7,57.6983921303783,42
195,1757300400,9/8/2025,3,111237.6,111344.31,111051.94,111025.42,475.82,52903808.64,57.6983921303783,42
196,1757304000,9/8/2025,4,111051.94,111207.33,110983.41,110929.91,388.09,43089036.84,57.6983921303783,42
197,1757307600,9/8/2025,5,110983.41,111056.1,111036.48,110911.21,281.6,31249790.33,57.6983921303783,42
198,1757311200,9/8/2025,6,111036.48,111198.09,111124.25,110924.41,177.67,19735731.82,57.6983921303783,42
199,1757314800,9/8/2025,7,111124.25,111608.36,111275.64,111119.33,367.35,40927157.85,57.6983921303783,42
200,1757318400,9/8/2025,8,111275.64,111891.04,111668.85,111256.22,613.09,68435918.42,57.6983921303783,42
201,1757322000,9/8/2025,9,111668.85,112084.26,112084.26,111587.09,756.66,84667186.23,57.6983921303783,42
202,1757325600,9/8/2025,10,112084.26,112187.05,112044.19,111915.01,628.02,70380215.36,57.6983921303783,42
203,1757329200,9/8/2025,11,112044.19,112116.46,112059.45,111764.71,449.73,50326890.77,57.6983921303783,42
204,1757332800,9/8/2025,12,112059.45,112148.96,112034.98,111923.9,522.76,58560303.25,57.6983921303783,42
205,1757336400,9/8/2025,13,112034.98,112359.13,111900.54,111872.67,1588.92,178236777.76,57.6983921303783,42
206,1757340000,9/8/2025,14,111900.54,112782.93,112652.7,111887.8,1708.09,191937306.7,57.6983921303783,42
207,1757343600,9/8/2025,15,112652.7,112937.76,112640.41,112538.22,1002.45,112998549.52,57.6983921303783,42
208,1757347200,9/8/2025,16,112640.41,112684.14,112417.24,112319.11,1009.53,113545867.11,57.6983921303783,42
209,1757350800,9/8/2025,17,112417.24,112563.75,112229,112103.89,841.97,94611513.44,57.6983921303783,42
210,1757354400,9/8/2025,18,112229,112537.88,112498.18,112216.04,732.1,82268824.34,57.6983921303783,42
211,1757358000,9/8/2025,19,112498.18,112498.23,112099.99,112009.76,692.5,77681845.41,57.6983921303783,42
212,1757361600,9/8/2025,20,112099.99,112167.53,111996.6,111916.48,561.4,62893492.26,57.6983921303783,42
213,1757365200,9/8/2025,21,111996.6,112348.39,112345.36,111956.74,319.75,35871360.66,57.6983921303783,42
214,1757368800,9/8/2025,22,112345.36,112520.5,112259.96,112230.14,602.57,67725617.82,57.6983921303783,42
215,1757372400,9/8/2025,23,112259.96,112278.45,112268.79,112259.96,4.387,492496.72,57.6983921303783,42
216,1757376000,9/9/2025,0,112089.06,112115.75,111663.31,111473.24,802.32,89676802.72,57.5529834437509,44
217,1757379600,9/9/2025,1,111663.31,111754.23,111383.71,111287.46,690.32,76926739.77,57.5529834437509,44
218,1757383200,9/9/2025,2,111383.71,111456.83,111340.75,111131.2,632.58,70406233.16,57.5529834437509,44
219,1757386800,9/9/2025,3,111340.75,111762.01,111720.81,111255.83,394.97,44048829.11,57.5529834437509,44
220,1757390400,9/9/2025,4,111720.81,112104.07,112037.07,111646.52,592.33,66300739.49,57.5529834437509,44
221,1757394000,9/9/2025,5,112037.07,112259.52,112213.3,111871.84,292.05,32715086.37,57.5529834437509,44
222,1757397600,9/9/2025,6,112213.3,113167.49,113037.46,112174.64,993.88,112107532.28,57.5529834437509,44
223,1757401200,9/9/2025,7,113037.46,113293.12,113009.09,112777.43,784.5,88712927.46,57.5529834437509,44
224,1757404800,9/9/2025,8,113009.09,113180.98,112998.6,112908.4,421.61,47654999.16,57.5529834437509,44
225,1757408400,9/9/2025,9,112998.6,113073.92,112974.99,112918.87,262.68,29677626.45,57.5529834437509,44
226,1757412000,9/9/2025,10,112974.99,113050,112752.4,112658.03,454.9,51322841.58,57.5529834437509,44
227,1757415600,9/9/2025,11,112752.4,112823.45,112453.6,112429.78,311.27,35063365.91,57.5529834437509,44
228,1757419200,9/9/2025,12,112453.6,112844.05,112693.92,112417,627.91,70754451.12,57.5529834437509,44
229,1757422800,9/9/2025,13,112693.92,112962.92,112785.89,112506.25,1445.17,162978765.8,57.5529834437509,44
230,1757426400,9/9/2025,14,112785.89,112971.01,111778.66,111519.51,2837.27,317950721.06,57.5529834437509,44
231,1757430000,9/9/2025,15,111778.66,111836.05,110885.58,110777.59,2093.55,232810695.13,57.5529834437509,44
232,1757433600,9/9/2025,16,110885.58,111151.79,110973.88,110789.84,1218.03,135142125.69,57.5529834437509,44
233,1757437200,9/9/2025,17,110973.88,111198.45,111039.11,110891.38,744.02,82611589.98,57.5529834437509,44
234,1757440800,9/9/2025,18,111039.11,111313.66,111161.77,110919.92,657.91,73118352.43,57.5529834437509,44
235,1757444400,9/9/2025,19,111161.77,111401.66,111318.65,111141.12,515.52,57380164.36,57.5529834437509,44
236,1757448000,9/9/2025,20,111318.65,111534.96,111533,111102.19,805.84,89656097.73,57.5529834437509,44
237,1757451600,9/9/2025,21,111533,111749.15,111305.65,111278.98,449.78,50164863.83,57.5529834437509,44
238,1757455200,9/9/2025,22,111305.65,111631.3,111562.46,111275.2,344.02,38348188.24,57.5529834437509,44
239,1757458800,9/9/2025,23,111562.46,111584.35,111533.26,111531.51,10.53,1175078.35,57.5529834437509,44
240,1757462400,9/10/2025,0,111549.14,111571.68,111014.17,110949.81,978.74,108909414.52,57.3971659674572,43
241,1757466000,9/10/2025,1,111014.17,111225.04,111015.81,110940.58,765.2,84973819.88,57.3971659674572,43
242,1757469600,9/10/2025,2,111015.81,111557.96,111418,111015.79,664.31,73969562.39,57.3971659674572,43
243,1757473200,9/10/2025,3,111418,111586.41,111547.73,111383.37,336.5,37513341.1,57.3971659674572,43
244,1757476800,9/10/2025,4,111547.73,111657.38,111540.07,111425.39,247.95,27654380.29,57.3971659674572,43
245,1757480400,9/10/2025,5,111540.07,111718.12,111577.45,111388.78,354.74,39570861.82,57.3971659674572,43
246,1757484000,9/10/2025,6,111577.45,111968.45,111802.18,111421.41,398.77,44556121.93,57.3971659674572,43
247,1757487600,9/10/2025,7,111802.18,112593.61,112551.83,111777.63,639.25,71725762.46,57.3971659674572,43
248,1757491200,9/10/2025,8,112551.83,112852.44,112385.34,112345.96,750.43,84529067,57.3971659674572,43
249,1757494800,9/10/2025,9,112385.34,112435.65,112276.46,112119.91,509.4,57196222.4,57.3971659674572,43
250,1757498400,9/10/2025,10,112276.46,112431.61,112281.01,112219.4,446.28,50139347.78,57.3971659674572,43
251,1757502000,9/10/2025,11,112281.01,112408.8,112308.63,112175.44,307.95,34577676.22,57.3971659674572,43
252,1757505600,9/10/2025,12,112308.63,113539.87,113416.41,112307.13,3107.74,351562750.47,57.3971659674572,43
253,1757509200,9/10/2025,13,113416.41,114341.92,113995.46,113411.6,3690.57,420060158.19,57.3971659674572,43
254,1757512800,9/10/2025,14,113995.46,114337.24,113936.51,113842.96,2184.69,249319143.79,57.3971659674572,43
255,1757516400,9/10/2025,15,113936.51,114143.95,113892.84,113765.66,984.61,112193768.46,57.3971659674572,43
256,1757520000,9/10/2025,16,113892.84,113970.43,113796.77,113598.85,1014.65,115416379.25,57.3971659674572,43
257,1757523600,9/10/2025,17,113796.77,114116.55,113772.36,113453.76,1156.52,131555437.3,57.3971659674572,43
258,1757527200,9/10/2025,18,113772.36,113924.6,113623.15,113376.94,1223.22,138952617.53,57.3971659674572,43
259,1757530800,9/10/2025,19,113623.15,113648.88,113617.42,113192.28,1473.95,167121109.23,57.3971659674572,43
260,1757534400,9/10/2025,20,113617.42,113916.18,113622.51,113606.08,815.36,92754970.35,57.3971659674572,43
261,1757538000,9/10/2025,21,113622.51,113889.28,113878.64,113589.36,362.46,41243480.89,57.3971659674572,43
262,1757541600,9/10/2025,22,113878.64,114028.89,113916.29,113760.54,487.67,55558063.69,57.3971659674572,43
263,1757545200,9/10/2025,23,113916.29,113969.15,113964.47,113916.29,15.64,1782225.87,57.3971659674572,43
264,1757548800,9/11/2025,0,113988.2,114031.78,113918.36,113716.57,477.94,54433095.43,57.584834857194,47
265,1757552400,9/11/2025,1,113918.36,114204.97,113940.31,113875.51,442,50390268.63,57.584834857194,47
266,1757556000,9/11/2025,2,113940.31,113982.06,113859.39,113763.28,345.4,39335957.51,57.584834857194,47
267,1757559600,9/11/2025,3,113859.39,114480.67,114439.71,113858.11,524.63,59921970.92,57.584834857194,47
268,1757563200,9/11/2025,4,114439.71,114440.94,114181.86,114117.93,321.67,36753919.82,57.584834857194,47
269,1757566800,9/11/2025,5,114181.86,114368.49,114305.49,114002.1,326.04,37230803.67,57.584834857194,47
270,1757570400,9/11/2025,6,114305.49,114497.34,114377.76,114116.72,273.1,31222972.69,57.584834857194,47
271,1757574000,9/11/2025,7,114377.76,114377.91,114125.5,114045.86,408.57,46637393.29,57.584834857194,47
272,1757577600,9/11/2025,8,114125.5,114237.13,114091.96,114029.15,298.52,34072936.95,57.584834857194,47
273,1757581200,9/11/2025,9,114091.96,114114.9,113924.71,113803.79,490.26,55860661.81,57.584834857194,47
274,1757584800,9/11/2025,10,113924.71,114149.1,114102.95,113913.54,389.84,44465484.31,57.584834857194,47
275,1757588400,9/11/2025,11,114102.95,114144.35,114045.47,113945.66,291.51,33244977.4,57.584834857194,47
276,1757592000,9/11/2025,12,114045.47,114513.46,114016.15,113582.03,2545.57,290303275.17,57.584834857194,47
277,1757595600,9/11/2025,13,114016.15,114752.73,114664.71,113457.52,2446.24,278829408.48,57.584834857194,47
278,1757599200,9/11/2025,14,114664.71,114703.31,114509.8,113974.74,2190.81,250509771.42,57.584834857194,47
279,1757602800,9/11/2025,15,114509.8,114740.42,114219.58,114040.32,1348.77,154368012.71,57.584834857194,47
280,1757606400,9/11/2025,16,114219.58,114627.26,114524.95,114216.63,908.23,103951554.12,57.584834857194,47
281,1757610000,9/11/2025,17,114524.95,114645.25,114628.14,114381.4,649.42,74384358.3,57.584834857194,47
282,1757613600,9/11/2025,18,114628.14,114653.2,114337.05,114143.51,714.39,81667507.97,57.584834857194,47
283,1757617200,9/11/2025,19,114337.05,114573.67,114472.67,114224.27,667.08,76314482.74,57.584834857194,47
284,1757620800,9/11/2025,20,114472.67,114536.42,114442.51,114305.76,503.94,57654110.85,57.584834857194,47
285,1757624400,9/11/2025,21,114442.51,114564.45,114530.72,114439.49,186.56,21363816.51,57.584834857194,47
286,1757628000,9/11/2025,22,114530.72,115305.26,115145.09,114484.4,1048.66,120593473.61,57.584834857194,47
287,1757631600,9/11/2025,23,115145.09,115238.26,115228.54,115143.53,28.57,3291145.97,57.584834857194,47
288,1757635200,9/12/2025,0,115537.84,116365.99,115902,115477.19,1633.64,189318185.52,57.4951068367935,50
289,1757638800,9/12/2025,1,115902,116069.01,115441.56,115431.8,1104.53,127847842.87,57.4951068367935,50
290,1757642400,9/12/2025,2,115441.56,115700.04,115442.81,115314.03,809.4,93500602.63,57.4951068367935,50
291,1757646000,9/12/2025,3,115442.81,115473.22,115252.29,115107.01,586.46,67601032.7,57.4951068367935,50
292,1757649600,9/12/2025,4,115252.29,115546.75,115412.52,115138.43,602.47,69500384.8,57.4951068367935,50
293,1757653200,9/12/2025,5,115412.52,115711.32,115666.98,115373.12,433.94,50145394.13,57.4951068367935,50
294,1757656800,9/12/2025,6,115666.98,115667,115357.24,115315.33,235.54,27194277.17,57.4951068367935,50
295,1757660400,9/12/2025,7,115357.24,115440.06,115142.87,115136.49,478.48,55143432.94,57.4951068367935,50
296,1757664000,9/12/2025,8,115142.87,115305.36,115090.98,114998.04,555.45,63937508.81,57.4951068367935,50
297,1757667600,9/12/2025,9,115090.98,115162.18,115068.03,114917.44,409.16,47061327.35,57.4951068367935,50
298,1757671200,9/12/2025,10,115068.03,115114.43,115016.49,114969.24,287.64,33086685.8,57.4951068367935,50
299,1757674800,9/12/2025,11,115016.49,115171.45,114959.45,114947.52,290.15,33373978.15,57.4951068367935,50
300,1757678400,9/12/2025,12,114959.45,115201.82,115126.82,114785.3,609.5,70101788.43,57.4951068367935,50
301,1757682000,9/12/2025,13,115126.82,115266.7,115208.98,114861.68,866.97,99734212.62,57.4951068367935,50
302,1757685600,9/12/2025,14,115208.98,115530.36,115319.21,114901.29,1770.44,203931386.48,57.4951068367935,50
303,1757689200,9/12/2025,15,115319.21,115341.05,115171.01,114997.57,722.45,83203478.31,57.4951068367935,50
304,1757692800,9/12/2025,16,115171.01,115573.83,115548.47,115079.88,973.65,112331413.85,57.4951068367935,50
305,1757696400,9/12/2025,17,115548.47,116012.28,115894.51,115457.59,1772.87,205351074.96,57.4951068367935,50
306,1757700000,9/12/2025,18,115894.51,116590.03,116571.62,115850.95,2009.39,233765259.9,57.4951068367935,50
307,1757703600,9/12/2025,19,116571.62,116816.49,116791.09,116331.59,2151.31,250820073.19,57.4951068367935,50
308,1757707200,9/12/2025,20,116791.09,116791.1,116268.37,116088.57,1125.33,130937554.43,57.4951068367935,50
309,1757710800,9/12/2025,21,116268.37,116268.41,115967.76,115864.12,569.26,66072116.67,57.4951068367935,50
310,1757714400,9/12/2025,22,115967.76,116449.54,116118.57,115966.98,478.07,55542354.02,57.4951068367935,50
311,1757718000,9/12/2025,23,116118.57,116120.31,116094.85,116094.65,6.5,754751.65,57.4951068367935,50
312,1757721600,9/13/2025,0,116116.26,116361.05,116291.31,116047.75,445.39,51745142.13,56.818080649422,53
313,1757725200,9/13/2025,1,116291.31,116347.83,115840.61,115685.83,563.81,65422003.38,56.818080649422,53
314,1757728800,9/13/2025,2,115840.61,116066.45,115952.3,115773.31,293.11,33993782.14,56.818080649422,53
315,1757732400,9/13/2025,3,115952.3,116079.57,116025.12,115920.14,328.73,38130928.51,56.818080649422,53
316,1757736000,9/13/2025,4,116025.12,116025.3,115773.92,115760.41,157.29,18226738.55,56.818080649422,53
317,1757739600,9/13/2025,5,115773.92,115922.36,115787.82,115743.92,165.84,19205037.02,56.818080649422,53
318,1757743200,9/13/2025,6,115787.82,115874.93,115809.48,115741.01,142.98,16555416.06,56.818080649422,53
319,1757746800,9/13/2025,7,115809.48,115925.99,115855.93,115780.77,105.99,12281308.1,56.818080649422,53
320,1757750400,9/13/2025,8,115855.93,116123.32,116045.33,115846.86,134.78,15633107.77,56.818080649422,53
321,1757754000,9/13/2025,9,116045.33,116104.53,116097.9,115942.52,222.36,25794750.92,56.818080649422,53
322,1757757600,9/13/2025,10,116097.9,116250.63,116016.7,115993.02,229.83,26687619.59,56.818080649422,53
323,1757761200,9/13/2025,11,116016.7,116083.58,116043.85,115961.45,156.64,18173442.38,56.818080649422,53
324,1757764800,9/13/2025,12,116043.85,116135.14,116070.19,115939.81,160.47,18618412.04,56.818080649422,53
325,1757768400,9/13/2025,13,116070.19,116074.32,115835.5,115709.21,262.05,30372078.49,56.818080649422,53
326,1757772000,9/13/2025,14,115835.5,116023.19,115867.53,115682.61,601.81,69733655.7,56.818080649422,53
327,1757775600,9/13/2025,15,115867.53,115986.84,115838.71,115696.9,312.13,36153518.91,56.818080649422,53
328,1757779200,9/13/2025,16,115838.71,115887.16,115406.27,115207.42,920.45,106340639.79,56.818080649422,53
329,1757782800,9/13/2025,17,115406.27,115649.37,115627.35,115250.78,588.21,67904635.31,56.818080649422,53
330,1757786400,9/13/2025,18,115627.35,115719.44,115706.54,115501.41,235.7,27253313.62,56.818080649422,53
331,1757790000,9/13/2025,19,115706.54,115870.49,115862.64,115646.48,268.1,31035105.9,56.818080649422,53
332,1757793600,9/13/2025,20,115862.64,116051.54,115972.38,115860.4,305.92,35482776.88,56.818080649422,53
333,1757797200,9/13/2025,21,115972.38,116046.95,115958.92,115908.61,168.7,19567666.91,56.818080649422,53
334,1757800800,9/13/2025,22,115958.92,115995.89,115937.47,115883.63,151.69,17586487.53,56.818080649422,53
335,1757804400,9/13/2025,23,115937.47,115937.62,115937.41,115937.36,0.6329,73374.61,56.818080649422,53
336,1757808000,9/14/2025,0,115971.92,116060.21,115990.29,115893.38,220.39,25565849.72,56.7363310329927,52
337,1757811600,9/14/2025,1,115990.29,116049.7,116023.34,115815.11,275.01,31879318.05,56.7363310329927,52
338,1757815200,9/14/2025,2,116023.34,116173.39,115925.15,115830.35,310.65,36036841.83,56.7363310329927,52
339,1757818800,9/14/2025,3,115925.15,115937.14,115748.13,115718.86,266.22,30830866.91,56.7363310329927,52
340,1757822400,9/14/2025,4,115748.13,115839.12,115815.55,115534.38,161.25,18659490.22,56.7363310329927,52
341,1757826000,9/14/2025,5,115815.55,115988.01,115938.86,115806.37,119.31,13830521.86,56.7363310329927,52
342,1757829600,9/14/2025,6,115938.86,116005.26,115804.39,115777.7,105.37,12209322.14,56.7363310329927,52
343,1757833200,9/14/2025,7,115804.39,115892.46,115867.63,115798.83,81.76,9472198.39,56.7363310329927,52
344,1757836800,9/14/2025,8,115867.63,116043.74,116001.47,115824.4,107.95,12517989.77,56.7363310329927,52
345,1757840400,9/14/2025,9,116001.47,116227.37,116114.96,115962.52,182.97,21247183.45,56.7363310329927,52
346,1757844000,9/14/2025,10,116114.96,116202.59,116095.63,116025.9,158.6,18418177.76,56.7363310329927,52
347,1757847600,9/14/2025,11,116095.63,116164.41,115873.47,115826.41,262.99,30488421.93,56.7363310329927,52
348,1757851200,9/14/2025,12,115873.47,115942.21,115841.37,115737.36,228.24,26441815.05,56.7363310329927,52
349,1757854800,9/14/2025,13,115841.37,115852.41,115413.52,115299.88,622.96,71936693.86,56.7363310329927,52
350,1757858400,9/14/2025,14,115413.52,115773.51,115477.76,115251,723.97,83581492.83,56.7363310329927,52
351,1757862000,9/14/2025,15,115477.76,115499.11,115294.4,115279.84,330.16,38092412.32,56.7363310329927,52
352,1757865600,9/14/2025,16,115294.4,115607.93,115543.56,115262.01,359.06,41449840.46,56.7363310329927,52
353,1757869200,9/14/2025,17,115543.56,115719,115625.67,115477.99,259.27,29977886.61,56.7363310329927,52
354,1757872800,9/14/2025,18,115625.67,115625.95,115456.32,115440.63,126.92,14663693.6,56.7363310329927,52
355,1757876400,9/14/2025,19,115456.32,115704.85,115704.85,115396.46,175.75,20303894.61,56.7363310329927,52
356,1757880000,9/14/2025,20,115704.85,115915.56,115868.32,115697.74,279.88,32412678.13,56.7363310329927,52
357,1757883600,9/14/2025,21,115868.32,116150.69,116119.03,115667.4,363.95,42194079.81,56.7363310329927,52
358,1757887200,9/14/2025,22,116119.03,116138.53,116068.85,115879.26,453.46,52613587.82,56.7363310329927,52
359,1757890800,9/14/2025,23,116068.85,116070.09,116050.75,116048.4,4.676,542692.73,56.7363310329927,52
360,1757894400,9/15/2025,0,115351.87,115352.14,115139.85,115035.72,1217.68,140270355.44,57.0042700951324,51
361,1757898000,9/15/2025,1,115139.85,115342.28,115297.83,114899.12,694.15,79886431.8,57.0042700951324,51
362,1757901600,9/15/2025,2,115297.83,115508.86,115444.89,115281.83,344.63,39783399.62,57.0042700951324,51
363,1757905200,9/15/2025,3,115444.89,115645.92,115507.62,115429.8,177.34,20487502.52,57.0042700951324,51
364,1757908800,9/15/2025,4,115507.62,116211.18,116119.61,115469.57,632.84,73386635.44,57.0042700951324,51
365,1757912400,9/15/2025,5,116119.61,116619.7,116577.24,116078.36,597.55,69521932.81,57.0042700951324,51
366,1757916000,9/15/2025,6,116577.24,116808.07,116175.38,116110.56,572.28,66675350.22,57.0042700951324,51
367,1757919600,9/15/2025,7,116175.38,116446.88,115881.46,115703.3,536.6,62261663.84,57.0042700951324,51
368,1757923200,9/15/2025,8,115881.46,115881.56,114799.14,114773.42,995.59,114825228.38,57.0042700951324,51
369,1757926800,9/15/2025,9,114799.14,115224.38,114925.78,114694.67,819.96,94243884.75,57.0042700951324,51
370,1757930400,9/15/2025,10,114925.78,114996.16,114843.04,114788.6,406.86,46740367.74,57.0042700951324,51
371,1757934000,9/15/2025,11,114843.04,115251.45,115115.55,114800.64,450.89,51856247.47,57.0042700951324,51
372,1757937600,9/15/2025,12,115115.55,115129.43,114771.84,114726.66,674.71,77518030.16,57.0042700951324,51
373,1757941200,9/15/2025,13,114771.84,115127.02,114714.91,114427.7,1670.99,191822350.92,57.0042700951324,51
374,1757944800,9/15/2025,14,114714.91,115077.42,114726.38,114496.05,1321.08,151659350.03,57.0042700951324,51
375,1757948400,9/15/2025,15,114726.38,114960.94,114903.5,114459.86,1262.69,144779145.31,57.0042700951324,51
376,1757952000,9/15/2025,16,114903.5,114972.82,114714.25,114651.83,1065.46,122273370.34,57.0042700951324,51
377,1757955600,9/15/2025,17,114714.25,115161.76,115160.2,114658.12,917.74,105406076.49,57.0042700951324,51
378,1757959200,9/15/2025,18,115160.2,115385.83,115337.95,114930.43,811.23,93357915.24,57.0042700951324,51
379,1757962800,9/15/2025,19,115337.95,115600.55,115335.99,115010.16,1615.21,186218967.31,57.0042700951324,51
380,1757966400,9/15/2025,20,115335.99,115540.19,115419.85,115244.43,647.5,74703343.16,57.0042700951324,51
381,1757970000,9/15/2025,21,115419.85,115568.46,115558.28,115331.3,385.37,44490519.59,57.0042700951324,51
382,1757973600,9/15/2025,22,115558.28,115647.68,115341.46,115277.59,361.01,41676344.05,57.0042700951324,51
383,1757977200,9/15/2025,23,115341.46,115351.09,115347.91,115339.62,1.577,181948.7,57.0042700951324,51
384,1757980800,9/16/2025,0,115401.06,115401.38,115113.1,114996.8,557.38,64214244.1,57.3855876090971,50
385,1757984400,9/16/2025,1,115113.1,115556.15,115069.36,115057.16,501.54,57814132.57,57.3855876090971,50
386,1757988000,9/16/2025,2,115069.36,115268.7,115069.44,115069.22,264.63,30473153.54,57.3855876090971,50
387,1757991600,9/16/2025,3,115069.44,115471.14,115357.75,115069.24,269.28,31047357.71,57.3855876090971,50
388,1757995200,9/16/2025,4,115357.75,115589.48,115547.06,114982.88,393.4,45375825.64,57.3855876090971,50
389,1757998800,9/16/2025,5,115547.06,115987.18,115971.82,115492.23,543.54,62937822.79,57.3855876090971,50
390,1758002400,9/16/2025,6,115971.82,116044.73,115808.09,115638.65,322.05,37311468.24,57.3855876090971,50
391,1758006000,9/16/2025,7,115808.09,115931.56,115874.43,115758.72,238.25,27601293.9,57.3855876090971,50
392,1758009600,9/16/2025,8,115874.43,116019.16,115700.7,115571.73,373.65,43268429.56,57.3855876090971,50
393,1758013200,9/16/2025,9,115700.7,115759.64,115509.44,115485.88,251.31,29060024.9,57.3855876090971,50
394,1758016800,9/16/2025,10,115509.44,115627.04,115408.04,115405.95,305.16,35247393.34,57.3855876090971,50
395,1758020400,9/16/2025,11,115408.04,115461.04,115317.88,115246.57,373.38,43070798.48,57.3855876090971,50
396,1758024000,9/16/2025,12,115317.88,115493.86,115471.81,115317.7,479.29,55319465.52,57.3855876090971,50
397,1758027600,9/16/2025,13,115471.81,115575.53,115208.94,114765.74,1678,193242354.99,57.3855876090971,50
398,1758031200,9/16/2025,14,115208.94,115339.79,115316.66,114840.78,1134.68,130598335.76,57.3855876090971,50
399,1758034800,9/16/2025,15,115316.66,115942.98,115941.03,115048.43,962.27,111007524.55,57.3855876090971,50
400,1758038400,9/16/2025,16,115941.03,116111.24,116099.99,115651.22,1007.13,116707999.83,57.3855876090971,50
401,1758042000,9/16/2025,17,116099.99,116929.23,116528.2,116090.83,2172.82,253342005.33,57.3855876090971,50
402,1758045600,9/16/2025,18,116528.2,116833.66,116469.22,116285.46,1001.25,116730236.91,57.3855876090971,50
403,1758049200,9/16/2025,19,116469.22,116872.5,116863.53,116445.77,1484.41,173188628.19,57.3855876090971,50
404,1758052800,9/16/2025,20,116863.53,116964.26,116898.3,116782.27,620.47,72522632.64,57.3855876090971,50
405,1758056400,9/16/2025,21,116898.3,117000.18,116861.11,116647.06,455.18,53169516.06,57.3855876090971,50
406,1758060000,9/16/2025,22,116861.11,117006.56,116900.56,116750.17,553.1,64661102.92,57.3855876090971,50
407,1758063600,9/16/2025,23,116900.56,116925.96,116924.83,116900.48,6.971,815081.27,57.3855876090971,50
408,1758067200,9/17/2025,0,116838.31,116880.88,116630.44,116615.14,466.81,54486993.02,57.5195624021587,51
409,1758070800,9/17/2025,1,116630.44,116819.7,116722.78,116579.09,461.55,53857096.01,57.5195624021587,51
410,1758074400,9/17/2025,2,116722.78,117134.98,116750.91,116618.51,741.5,86663503.57,57.5195624021587,51
411,1758078000,9/17/2025,3,116750.91,116806.58,116434.51,116434.31,477.39,55673262.82,57.5195624021587,51
412,1758081600,9/17/2025,4,116434.51,116541.06,116373.55,116220.73,249.6,29048314.38,57.5195624021587,51
413,1758085200,9/17/2025,5,116373.55,117254.18,117173.1,116372.87,934.62,109198891.74,57.5195624021587,51
414,1758088800,9/17/2025,6,117173.1,117330.03,117287.45,117043.79,513.13,60124954.83,57.5195624021587,51
415,1758092400,9/17/2025,7,117287.45,117331.11,117224.09,117183.48,307.53,36061833.27,57.5195624021587,51
416,1758096000,9/17/2025,8,117224.09,117255.98,116902.52,116741.91,533.38,62359422.47,57.5195624021587,51
417,1758099600,9/17/2025,9,116902.52,116902.61,116602.25,116601.35,283.65,33115302.77,57.5195624021587,51
418,1758103200,9/17/2025,10,116602.25,116647.07,116400.43,116304.91,336.57,39198101.79,57.5195624021587,51
419,1758106800,9/17/2025,11,116400.43,116406.89,116287.8,116285.71,259.54,30198148.2,57.5195624021587,51
420,1758110400,9/17/2025,12,116287.8,116542.86,116229.38,116131.81,621.72,72314813.04,57.5195624021587,51
421,1758114000,9/17/2025,13,116229.38,116361.59,116156.71,115944.59,1143.29,132793139.05,57.5195624021587,51
422,1758117600,9/17/2025,14,116156.71,116282.33,115650.79,115495.49,1485.43,172020203.72,57.5195624021587,51
423,1758121200,9/17/2025,15,115650.79,115929.23,115918.57,115577.28,681.49,78894858.04,57.5195624021587,51
424,1758124800,9/17/2025,16,115918.57,115918.77,115681.65,115437.99,860.92,99555425.94,57.5195624021587,51
425,1758128400,9/17/2025,17,115681.65,116329.63,115689.74,115599.2,1274.34,147703978.58,57.5195624021587,51
426,1758132000,9/17/2025,18,115689.74,116322.28,115257.89,114742.84,6019.42,695513173.29,57.5195624021587,51
427,1758135600,9/17/2025,19,115257.89,116030.76,115706.74,115122.87,2518.52,291385952.7,57.5195624021587,51
428,1758139200,9/17/2025,20,115706.74,116195.85,115671.24,115557.07,925.3,107208884.95,57.5195624021587,51
429,1758142800,9/17/2025,21,115671.24,116170.39,116090.13,115387.81,532.11,61614681.72,57.5195624021587,51
430,1758146400,9/17/2025,22,116090.13,116866.1,116613.06,116090.13,922.24,107352693.58,57.5195624021587,51
431,1758150000,9/17/2025,23,116613.06,116843.17,116838.58,116611.35,28.23,3296524.76,57.5195624021587,51
432,1758153600,9/18/2025,0,116488.17,116507.69,116384.87,116134.78,743.82,86550950.3,56.9091685352757,51
433,1758157200,9/18/2025,1,116384.87,116924.16,116698.8,116380.98,637.88,74425106.76,56.9091685352757,51
434,1758160800,9/18/2025,2,116698.8,117008.45,116996.73,116499.3,531.82,62079026.67,56.9091685352757,51
435,1758164400,9/18/2025,3,116996.73,117957.64,117634.76,116959.62,2253.18,264923690.58,56.9091685352757,51
436,1758168000,9/18/2025,4,117634.76,117803.22,117651,117291.76,712.42,83769681.81,56.9091685352757,51
437,1758171600,9/18/2025,5,117651,117651.19,117308.4,117224.49,366.12,42980593.17,56.9091685352757,51
438,1758175200,9/18/2025,6,117308.4,117361.25,117124.24,116933.82,545.47,63879848.68,56.9091685352757,51
439,1758178800,9/18/2025,7,117124.24,117267.86,117127.27,117088.53,287.11,33644947.59,56.9091685352757,51
440,1758182400,9/18/2025,8,117127.27,117447.42,117278.81,117054.84,378.51,44386280.81,56.9091685352757,51
441,1758186000,9/18/2025,9,117278.81,117392.33,117349.46,117169.04,410.66,48164991.57,56.9091685352757,51
442,1758189600,9/18/2025,10,117349.46,117361.56,117230.6,117131.62,308.31,36142963.57,56.9091685352757,51
443,1758193200,9/18/2025,11,117230.6,117351.31,117107.93,117063.71,445.16,52186375.38,56.9091685352757,51
444,1758196800,9/18/2025,12,117107.93,117333.77,117173.51,117031.09,580.2,68006837.34,56.9091685352757,51
445,1758200400,9/18/2025,13,117173.51,117708.6,117474.92,117068.14,1939.83,227685490.49,56.9091685352757,51
446,1758204000,9/18/2025,14,117474.92,117906.51,117699.91,117445.75,1612.15,189802699.87,56.9091685352757,51
447,1758207600,9/18/2025,15,117699.91,117757.13,117645.61,117386.12,1205.69,141751682.53,56.9091685352757,51
448,1758211200,9/18/2025,16,117645.61,117861.71,117629.81,117566.54,868.63,102267343.4,56.9091685352757,51
449,1758214800,9/18/2025,17,117629.81,117830.26,117642.64,117488.09,823.33,96866171.72,56.9091685352757,51
450,1758218400,9/18/2025,18,117642.64,117981.11,117888.63,117578.62,1228.01,144727775.14,56.9091685352757,51
451,1758222000,9/18/2025,19,117888.63,117888.99,117510.86,117248.93,989.23,116272724.71,56.9091685352757,51
452,1758225600,9/18/2025,20,117510.86,117720.86,117584.42,117396.04,578.68,68038827.75,56.9091685352757,51
453,1758229200,9/18/2025,21,117584.42,117584.54,117360.57,117360.57,292.76,34384207.56,56.9091685352757,51
454,1758232800,9/18/2025,22,117360.57,117389.96,117125.4,117120.32,454.49,53297709.46,56.9091685352757,51
455,1758236400,9/18/2025,23,117125.4,117125.71,116955.18,116942.81,69.5,8133184.02,56.9091685352757,51
456,1758240000,9/19/2025,0,117126.46,117481.24,117477.77,117075.68,629.64,73871010.93,56.9412844591307,52
457,1758243600,9/19/2025,1,117477.77,117510.96,117302.38,117182.56,494.28,57998285.86,56.9412844591307,52
458,1758247200,9/19/2025,2,117302.38,117347.19,117179.41,117113.19,470.57,55158006.45,56.9412844591307,52
459,1758250800,9/19/2025,3,117179.41,117351.13,117037.27,116940.34,543.49,63644297.28,56.9412844591307,52
460,1758254400,9/19/2025,4,117037.27,117153.12,117051.99,116762.67,551.01,64440196.12,56.9412844591307,52
461,1758258000,9/19/2025,5,117051.99,117076.53,116956.28,116863.7,251.52,29421237.07,56.9412844591307,52
462,1758261600,9/19/2025,6,116956.28,116956.44,116742.46,116701.16,401.57,46911450.1,56.9412844591307,52
463,1758265200,9/19/2025,7,116742.46,117050.81,116973.56,116741.1,573.28,67036837.72,56.9412844591307,52
464,1758268800,9/19/2025,8,116973.56,117153.78,116989.28,116947.41,379.67,44440263.51,56.9412844591307,52
465,1758272400,9/19/2025,9,116989.28,117054.31,116548.52,116542.24,600.11,70093626.64,56.9412844591307,52
466,1758276000,9/19/2025,10,116548.52,116617.93,116597.17,116497.37,590.41,68811463.08,56.9412844591307,52
467,1758279600,9/19/2025,11,116597.17,116616.23,116444.58,116362.51,675.86,78718331.94,56.9412844591307,52
468,1758283200,9/19/2025,12,116444.58,116581.61,116214.48,116180.92,978.67,113848825.35,56.9412844591307,52
469,1758286800,9/19/2025,13,116214.48,116520.88,116348.01,116111.8,1075.53,125083440.54,56.9412844591307,52
470,1758290400,9/19/2025,14,116348.01,116541.81,115954.41,115849.14,1477.79,171745665.73,56.9412844591307,52
471,1758294000,9/19/2025,15,115954.41,116008.71,115947.03,115514.72,1356.18,156964810.08,56.9412844591307,52
472,1758297600,9/19/2025,16,115947.03,116208.29,116152.97,115859.48,859.79,99767416.5,56.9412844591307,52
473,1758301200,9/19/2025,17,116152.97,116162.13,115605.16,115601.69,934.89,108287139.06,56.9412844591307,52
474,1758304800,9/19/2025,18,115605.16,115691.65,115475.45,115440.74,784.47,90655321.78,56.9412844591307,52
475,1758308400,9/19/2025,19,115475.45,115529.58,115176.64,115157.2,1701.32,196240789.62,56.9412844591307,52
476,1758312000,9/19/2025,20,115176.64,115502.04,115410.56,115150.85,663.34,76533610.78,56.9412844591307,52
477,1758315600,9/19/2025,21,115410.56,115616.4,115540.02,115379.32,282.62,32640617.57,56.9412844591307,52
478,1758319200,9/19/2025,22,115540.02,115727.11,115684.92,115540.01,241.43,27923233,56.9412844591307,52
479,1758322800,9/19/2025,23,115684.92,115687.44,115687.21,115684.84,1.739,201181.46,56.9412844591307,52
480,1758326400,9/20/2025,0,115701.97,115802.91,115795.68,115630.51,235,27188561.21,57.2353897443803,48
481,1758330000,9/20/2025,1,115795.68,115795.82,115702.99,115682.28,235.32,27235868.48,57.2353897443803,48
482,1758333600,9/20/2025,2,115702.99,115703.16,115670.77,115519.4,201.82,23332451.74,57.2353897443803,48
483,1758337200,9/20/2025,3,115670.77,115675.83,115527.35,115488.37,174.99,20225626.76,57.2353897443803,48
484,1758340800,9/20/2025,4,115527.35,115659.23,115647.16,115491.88,132.45,15306010.89,57.2353897443803,48
485,1758344400,9/20/2025,5,115647.16,115785.54,115784.44,115592.45,138.31,16001205.26,57.2353897443803,48
486,1758348000,9/20/2025,6,115784.44,115800.27,115774.95,115705.95,122.53,14183635.63,57.2353897443803,48
487,1758351600,9/20/2025,7,115774.95,116061.32,116041.27,115756.13,404.16,46857341.28,57.2353897443803,48
488,1758355200,9/20/2025,8,116041.27,116041.38,115783.9,115782.34,151.22,17529359.92,57.2353897443803,48
489,1758358800,9/20/2025,9,115783.9,115868.73,115740.06,115737.18,169.6,19638419.82,57.2353897443803,48
490,1758362400,9/20/2025,10,115740.06,115870.34,115818.66,115740.03,152.65,17680189.11,57.2353897443803,48
491,1758366000,9/20/2025,11,115818.66,115986.5,115957.12,115818.65,237.53,27530263.95,57.2353897443803,48
492,1758369600,9/20/2025,12,115957.12,116023.45,115953.16,115880.41,234.8,27223155.95,57.2353897443803,48
493,1758373200,9/20/2025,13,115953.16,116035.27,115998.69,115933.36,235.82,27351480.03,57.2353897443803,48
494,1758376800,9/20/2025,14,115998.69,116116.45,116051.55,115961.64,318.23,36921007.33,57.2353897443803,48
495,1758380400,9/20/2025,15,116051.55,116202.27,116069.33,116036.62,398.39,46260841.59,57.2353897443803,48
496,1758384000,9/20/2025,16,116069.33,116143.98,116116.05,115962.02,363.52,42191917.98,57.2353897443803,48
497,1758387600,9/20/2025,17,116116.05,116165.8,115906.84,115895.95,334.46,38792305.87,57.2353897443803,48
498,1758391200,9/20/2025,18,115906.84,115911.43,115792.88,115787.05,316.59,36670550.19,57.2353897443803,48
499,1758394800,9/20/2025,19,115792.88,115880.16,115775.62,115775.61,260.9,30215074.29,57.2353897443803,48
500,1758398400,9/20/2025,20,115775.62,115878.77,115800.8,115768.96,300.67,34827743.66,57.2353897443803,48
501,1758402000,9/20/2025,21,115800.8,116022.49,115865.44,115800.42,312.97,36275250.71,57.2353897443803,48
502,1758405600,9/20/2025,22,115865.44,115883,115852.5,115818.92,255.33,29578873.68,57.2353897443803,48
503,1758409200,9/20/2025,23,115852.5,115858.06,115852.66,115852.5,2.618,303343.99,57.2353897443803,48
504,1758412800,9/21/2025,0,115756.07,115810.39,115725.79,115623.15,396.26,45847652.41,57.068645678076,48
505,1758416400,9/21/2025,1,115725.79,115725.87,115570.88,115570.88,94.41,10918049.64,57.068645678076,48
506,1758420000,9/21/2025,2,115570.88,115776.24,115759.23,115519.74,151.18,17480593.66,57.068645678076,48
507,1758423600,9/21/2025,3,115759.23,115787.57,115735.24,115686.95,117.46,13594820.53,57.068645678076,48
508,1758427200,9/21/2025,4,115735.24,115742.44,115572.06,115568.16,80.72,9334440.12,57.068645678076,48
509,1758430800,9/21/2025,5,115572.06,115746.51,115746.51,115564.68,222.15,25686765.22,57.068645678076,48
510,1758434400,9/21/2025,6,115746.51,115867.9,115776.47,115746.51,289.82,33569620.19,57.068645678076,48
511,1758438000,9/21/2025,7,115776.47,115894.79,115894.79,115703.35,229.13,26527964.34,57.068645678076,48
512,1758441600,9/21/2025,8,115894.79,115900.98,115701.82,115644.87,116.33,13464231.49,57.068645678076,48
513,1758445200,9/21/2025,9,115701.82,115776.52,115756.66,115405.34,230.19,26602489.17,57.068645678076,48
514,1758448800,9/21/2025,10,115756.66,115786.1,115587.98,115571.1,93.64,10831620.35,57.068645678076,48
515,1758452400,9/21/2025,11,115587.98,115768.71,115684.39,115581.77,107.06,12387443.67,57.068645678076,48
516,1758456000,9/21/2025,12,115684.39,115826.05,115745.95,115683.24,122.77,14215597.41,57.068645678076,48
517,1758459600,9/21/2025,13,115745.95,115814.8,115730.15,115710.16,139.8,16184944.87,57.068645678076,48
518,1758463200,9/21/2025,14,115730.15,115757.5,115572.74,115563.81,264.8,30629762.01,57.068645678076,48
519,1758466800,9/21/2025,15,115572.74,115676.94,115597.34,115537.33,207.68,24009383.8,57.068645678076,48
520,1758470400,9/21/2025,16,115597.34,115624.81,115389.35,115282.09,462.86,53449877.42,57.068645678076,48
521,1758474000,9/21/2025,17,115389.35,115699.32,115691.8,115331.36,343.41,39652490.37,57.068645678076,48
522,1758477600,9/21/2025,18,115691.8,115731.89,115603.99,115592.54,165.12,19096218.67,57.068645678076,48
523,1758481200,9/21/2025,19,115603.99,115604.53,115560.39,115396.41,223.16,25776975.62,57.068645678076,48
524,1758484800,9/21/2025,20,115560.39,115579.59,115390.07,115390.07,264.12,30505388.83,57.068645678076,48
525,1758488400,9/21/2025,21,115390.07,115499.72,115473.38,115322.8,256.37,29584920.53,57.068645678076,48
526,1758492000,9/21/2025,22,115473.38,115612.06,115592.95,115262.9,406.49,46905427.79,57.068645678076,48
527,1758495600,9/21/2025,23,115592.95,115594.14,115591.44,115591.36,1.745,201714.68,57.068645678076,48
528,1758499200,9/22/2025,0,115299.83,115439.04,114489.63,114382.66,2238.45,257193228.32,57.1463806766456,47
529,1758502800,9/22/2025,1,114489.63,114827.47,114350.69,114336.85,1422.25,162954375.13,57.1463806766456,47
530,1758506400,9/22/2025,2,114350.69,114681.92,114279.97,114233.48,1266.02,144881383.81,57.1463806766456,47
531,1758510000,9/22/2025,3,114279.97,114736.35,114735.07,114279.96,435.89,49912563.93,57.1463806766456,47
532,1758513600,9/22/2025,4,114735.07,114735.15,114506.05,114481.61,329.59,37762379.45,57.1463806766456,47
533,1758517200,9/22/2025,5,114506.05,114617.08,113939.51,113937.94,471.28,53905696.96,57.1463806766456,47
534,1758520800,9/22/2025,6,113939.51,113939.51,112910.45,112121.18,4844.21,546705579.82,57.1463806766456,47
535,1758524400,9/22/2025,7,112910.45,113086.82,112606.52,112570.1,1148.5,129559920.55,57.1463806766456,47
536,1758528000,9/22/2025,8,112606.52,112875.38,112737.48,112544.15,765.82,86328461.97,57.1463806766456,47
537,1758531600,9/22/2025,9,112737.48,112768.81,112434.16,112275.93,943.98,106171021.23,57.1463806766456,47
538,1758535200,9/22/2025,10,112434.16,112936.62,112887.77,112363.91,681.28,76736084.08,57.1463806766456,47
539,1758538800,9/22/2025,11,112887.77,113062.77,112974.28,112774.99,732.46,82713989.97,57.1463806766456,47
540,1758542400,9/22/2025,12,112974.28,112974.59,112839.14,112620.09,932.27,105106750.29,57.1463806766456,47
541,1758546000,9/22/2025,13,112839.14,113257.46,113242.5,112493.45,1733.34,195603418.92,57.1463806766456,47
542,1758549600,9/22/2025,14,113242.5,113549.37,113037.1,112870.39,1921.7,217579938.91,57.1463806766456,47
543,1758553200,9/22/2025,15,113037.1,113118.4,112920.92,112666.53,1259.73,142167712.53,57.1463806766456,47
544,1758556800,9/22/2025,16,112920.92,112975.18,112706.75,112684.49,1183.23,133531089.99,57.1463806766456,47
545,1758560400,9/22/2025,17,112706.75,112724.33,112467.95,112349.02,1300.61,146324692.47,57.1463806766456,47
546,1758564000,9/22/2025,18,112467.95,112905.59,112528.97,112418.07,695.97,78418910.79,57.1463806766456,47
547,1758567600,9/22/2025,19,112528.97,112684.79,112207,112027.44,1336.28,150131306.5,57.1463806766456,47
548,1758571200,9/22/2025,20,112207,113045.52,112860.34,112067.94,1089.62,122568712.34,57.1463806766456,47
549,1758574800,9/22/2025,21,112860.34,113063.18,113061.42,112690.5,634.47,71596424.91,57.1463806766456,47
550,1758578400,9/22/2025,22,113061.42,113061.48,112735.45,112689.75,458.45,51718750.75,57.1463806766456,47
551,1758582000,9/22/2025,23,112735.45,112776.85,112756.44,112735.44,10.05,1133418.85,57.1463806766456,47
552,1758585600,9/23/2025,0,112747.85,112926.78,112492.54,112484.6,629.25,70911894.33,57.7284919197184,40
553,1758589200,9/23/2025,1,112492.54,112602.68,112253,112238.88,547.73,61581005.84,57.7284919197184,40
554,1758592800,9/23/2025,2,112253,112584.82,111913.99,111777.27,1118.38,125458200.3,57.7284919197184,40
555,1758596400,9/23/2025,3,111913.99,112538.42,112432.29,111579.31,1007.71,112997061.55,57.7284919197184,40
556,1758600000,9/23/2025,4,112432.29,112563.5,112536.44,111977.08,541.26,60786437.5,57.7284919197184,40
557,1758603600,9/23/2025,5,112536.44,112970.02,112753.68,112518.89,495.43,55884208.49,57.7284919197184,40
558,1758607200,9/23/2025,6,112753.68,113188.42,113062.88,112703.19,500.81,56599157.93,57.7284919197184,40
559,1758610800,9/23/2025,7,113062.88,113189.42,113166.74,112969.9,524.12,59262973.23,57.7284919197184,40
560,1758614400,9/23/2025,8,113166.74,113253.73,113210.2,113025.32,529.11,59871881.76,57.7284919197184,40
561,1758618000,9/23/2025,9,113210.2,113356.34,113010.93,112957.66,485.01,54880710.38,57.7284919197184,40
562,1758621600,9/23/2025,10,113010.93,113080.06,113044.69,112905.68,436.5,49317746.7,57.7284919197184,40
563,1758625200,9/23/2025,11,113044.69,113167.7,113065.17,112769.19,420.09,47452699.23,57.7284919197184,40
564,1758628800,9/23/2025,12,113065.17,113129.4,113019.89,112900.65,548.12,61946116.72,57.7284919197184,40
565,1758632400,9/23/2025,13,113019.89,113097.81,113016.96,112804.99,975.29,110166302.61,57.7284919197184,40
566,1758636000,9/23/2025,14,113016.96,113372.59,112725.13,112640.14,1497.44,169139255.68,57.7284919197184,40
567,1758639600,9/23/2025,15,112725.13,113135.69,112948.01,112558.14,993.09,112133804.04,57.7284919197184,40
568,1758643200,9/23/2025,16,112948.01,113021.85,112879.42,112552.17,976.35,110094760.74,57.7284919197184,40
569,1758646800,9/23/2025,17,112879.42,112892.39,111990.35,111928.8,1478.39,166034559.83,57.7284919197184,40
570,1758650400,9/23/2025,18,111990.35,112245.71,111818.51,111720.33,1446.74,161978684.83,57.7284919197184,40
571,1758654000,9/23/2025,19,111818.51,112013.59,111689.74,111577.91,1203.64,134549370.05,57.7284919197184,40
572,1758657600,9/23/2025,20,111689.74,112043.93,112034.88,111518.32,900.66,100703108.72,57.7284919197184,40
573,1758661200,9/23/2025,21,112034.88,112245.2,112205.61,111945.77,406.02,45511603.69,57.7284919197184,40
574,1758664800,9/23/2025,22,112205.61,112269.54,112216.57,112047.72,373.15,41869549.09,57.7284919197184,40
575,1758668400,9/23/2025,23,112216.57,112223.47,112209.72,112209.72,5.1,572313.73,57.7284919197184,40
576,1758672000,9/24/2025,0,112043.66,112425.74,112270.59,111874.52,795.26,89227829.58,57.7214942049546,39
577,1758675600,9/24/2025,1,112270.59,112546.42,112485.73,112198.39,456.15,51274369.61,57.7214942049546,39
578,1758679200,9/24/2025,2,112485.73,112536.92,112163.9,111937.07,1340.63,150422151.82,57.7214942049546,39
579,1758682800,9/24/2025,3,112163.9,112260.45,111744.62,111732.98,692.3,77516118.95,57.7214942049546,39
580,1758686400,9/24/2025,4,111744.62,112414.25,112214.67,111118.7,1345.47,150411027.87,57.7214942049546,39
581,1758690000,9/24/2025,5,112214.67,112715.37,112684.42,112183.27,475.44,53466090.06,57.7214942049546,39
582,1758693600,9/24/2025,6,112684.42,112830.23,112647.24,112582.21,405.89,45740992.64,57.7214942049546,39
583,1758697200,9/24/2025,7,112647.24,112787.77,112630.38,112512.12,362.93,40882543.58,57.7214942049546,39
584,1758700800,9/24/2025,8,112630.38,112677.79,112660.06,112457.47,505.67,56914828.09,57.7214942049546,39
585,1758704400,9/24/2025,9,112660.06,112850.2,112774.57,112543.02,286.57,32290945.1,57.7214942049546,39
586,1758708000,9/24/2025,10,112774.57,112999.42,112977.49,112710.74,404.64,45660642.7,57.7214942049546,39
587,1758711600,9/24/2025,11,112977.49,113197.69,113066.08,112920.64,463.21,52370704.74,57.7214942049546,39
588,1758715200,9/24/2025,12,113066.08,113146.66,113106.37,112976.48,413.51,46748877.7,57.7214942049546,39
589,1758718800,9/24/2025,13,113106.37,113273.21,112869.18,112852.32,1107.24,125210703.78,57.7214942049546,39
590,1758722400,9/24/2025,14,112869.18,113951.9,113779.96,112868.55,1684.55,191062272.95,57.7214942049546,39
591,1758726000,9/24/2025,15,113779.96,113950.36,113410.01,113324.13,1254.16,142527097.34,57.7214942049546,39
592,1758729600,9/24/2025,16,113410.01,113805.19,113780.47,113213.49,1256.49,142641898.7,57.7214942049546,39
593,1758733200,9/24/2025,17,113780.47,114013.4,113821.1,113675.87,1065.64,121334942.68,57.7214942049546,39
594,1758736800,9/24/2025,18,113821.1,113885.3,113707.66,113574.37,779.34,88608832.65,57.7214942049546,39
595,1758740400,9/24/2025,19,113707.66,113744.59,113481.35,113346.21,568.1,64502009.22,57.7214942049546,39
596,1758744000,9/24/2025,20,113481.35,113668.17,113565.95,113460.74,538.63,61175464.54,57.7214942049546,39
597,1758747600,9/24/2025,21,113565.95,113645.39,113400.67,113357.93,294.61,33451214.49,57.7214942049546,39
598,1758751200,9/24/2025,22,113400.67,113703.52,113391.34,113321.85,571.89,64909407.32,57.7214942049546,39
599,1758754800,9/24/2025,23,113391.34,113417.18,113417.18,113390.83,3.749,425205.51,57.7214942049546,39
600,1758758400,9/25/2025,0,113360.69,113559.7,113096.92,113019.91,765.68,86725824.47,57.8967108939386,41
601,1758762000,9/25/2025,1,113096.92,113403.77,112696.09,112492.98,1581.1,178496721.2,57.8967108939386,41
602,1758765600,9/25/2025,2,112696.09,113207.65,112922.71,112541.65,1052.3,118764907.83,57.8967108939386,41
603,1758769200,9/25/2025,3,112922.71,112927.47,112563.84,112245.47,900.4,101315334.76,57.8967108939386,41
604,1758772800,9/25/2025,4,112563.84,112632.76,111756.43,111608.22,1485.12,166220052.4,57.8967108939386,41
605,1758776400,9/25/2025,5,111756.43,112054.56,111759.44,111615.08,785.46,87854783.19,57.8967108939386,41
606,1758780000,9/25/2025,6,111759.44,111876.18,111562.02,111536.16,671.2,74983795.22,57.8967108939386,41
607,1758783600,9/25/2025,7,111562.02,111915.45,111802.24,111475.59,542.27,60596920.55,57.8967108939386,41
608,1758787200,9/25/2025,8,111802.24,112077.13,111777.77,111736.15,543.18,60794732.5,57.8967108939386,41
609,1758790800,9/25/2025,9,111777.77,112274.05,111609.35,111608.67,677.6,75866664.11,57.8967108939386,41
610,1758794400,9/25/2025,10,111609.35,111902.67,111691.88,111567.57,483.14,53991812.54,57.8967108939386,41
611,1758798000,9/25/2025,11,111691.88,111769.23,111392.6,111328.68,794.65,88624783.94,57.8967108939386,41
612,1758801600,9/25/2025,12,111392.6,111712.96,111161.02,111156.77,1979.74,220583314.46,57.8967108939386,41
613,1758805200,9/25/2025,13,111161.02,111767.92,111034.43,110669.26,3525.46,391873792.02,57.8967108939386,41
614,1758808800,9/25/2025,14,111034.43,111790.01,111610.08,111012.03,2180.51,243145909.18,57.8967108939386,41
615,1758812400,9/25/2025,15,111610.08,111661.95,111661.95,110925.95,1738.56,193517701.03,57.8967108939386,41
616,1758816000,9/25/2025,16,111661.95,111748.7,111008.48,110964.5,1478.73,164607093.96,57.8967108939386,41
617,1758819600,9/25/2025,17,111008.48,111017.21,108869.51,108687.38,4777.24,524392340.87,57.8967108939386,41
618,1758823200,9/25/2025,18,108869.51,109859.88,109811.07,108664.26,2936.43,320992542.53,57.8967108939386,41
619,1758826800,9/25/2025,19,109811.07,110011.46,109413.84,109351.4,1978.88,217092907.56,57.8967108939386,41
620,1758830400,9/25/2025,20,109413.84,109531.59,109228.83,109115.24,1348.65,147439842.96,57.8967108939386,41
621,1758834000,9/25/2025,21,109228.83,109719.44,109466.95,109131.12,750.53,82129363.02,57.8967108939386,41
622,1758837600,9/25/2025,22,109466.95,109639.18,109485,109330.87,629.14,68879086.24,57.8967108939386,41
623,1758841200,9/25/2025,23,109485,109526.84,109493.08,109485,12.77,1397813.01,57.8967108939386,41
624,1758844800,9/26/2025,0,109061.11,109662.97,109540.68,108882.8,1444.1,157817306.32,58.3377212540392,32
625,1758848400,9/26/2025,1,109540.68,109820.26,109744.61,109371,1323.24,145105567.17,58.3377212540392,32
626,1758852000,9/26/2025,2,109744.61,109866.89,109688.79,109556.67,738.48,81024412.25,58.3377212540392,32
627,1758855600,9/26/2025,3,109688.79,109698.37,109649.6,109362.37,666.7,73028326.63,58.3377212540392,32
628,1758859200,9/26/2025,4,109649.6,109695.46,109413.25,109312.05,521.75,57144449.35,58.3377212540392,32
629,1758862800,9/26/2025,5,109413.25,109656.11,109321.76,109154.05,606.27,66328576.7,58.3377212540392,32
630,1758866400,9/26/2025,6,109321.76,109693.44,109431.35,109089.31,1028.94,112635739.47,58.3377212540392,32
631,1758870000,9/26/2025,7,109431.35,109663.44,109408.89,109004.74,1908.66,208506665.79,58.3377212540392,32
632,1758873600,9/26/2025,8,109408.89,109708.51,109671.35,109404.77,582.93,63877873.97,58.3377212540392,32
633,1758877200,9/26/2025,9,109671.35,109792.65,109657.26,109495.93,457.93,50216932.71,58.3377212540392,32
634,1758880800,9/26/2025,10,109657.26,109661.56,108979.96,108792.54,1001.94,109301370.29,58.3377212540392,32
635,1758884400,9/26/2025,11,108979.96,109276.77,109206.26,108695.14,828.86,90303526.92,58.3377212540392,32
636,1758888000,9/26/2025,12,109206.26,109648.26,109460.37,108896.08,1560.35,170587947.54,58.3377212540392,32
637,1758891600,9/26/2025,13,109460.37,109854.86,109745.99,109079.19,2247.92,246075995.06,58.3377212540392,32
638,1758895200,9/26/2025,14,109745.99,109842.7,108912.59,108845.18,4111.73,448926508,58.3377212540392,32
639,1758898800,9/26/2025,15,108912.59,109432.95,109097.8,108876.11,1164.97,127202277.8,58.3377212540392,32
640,1758902400,9/26/2025,16,109097.8,109694.22,109526.49,109096.83,1283.78,140525097.12,58.3377212540392,32
641,1758906000,9/26/2025,17,109526.49,110078.88,109981.62,109463.54,1497.6,164532720.57,58.3377212540392,32
642,1758909600,9/26/2025,18,109981.62,110387.27,109808.99,109782.28,1445.99,159151722.6,58.3377212540392,32
643,1758913200,9/26/2025,19,109808.99,109809.26,109248.61,109106.92,1480.5,162004430.97,58.3377212540392,32
644,1758916800,9/26/2025,20,109248.61,109437.4,109386.09,109173.73,847.31,92606535.22,58.3377212540392,32
645,1758920400,9/26/2025,21,109386.09,109608.73,109557.18,109285,494.6,54137779.56,58.3377212540392,32
646,1758924000,9/26/2025,22,109557.18,109684.59,109641.61,109434.28,396.13,43411236.86,58.3377212540392,32
647,1758927600,9/26/2025,23,109641.61,109641.93,109627.43,109627.43,3.55,389361.37,58.3377212540392,32
648,1758931200,9/27/2025,0,109723.94,109740.38,109720.7,109559.44,306.9,33652954.76,57.7527199034672,34
649,1758934800,9/27/2025,1,109720.7,109743.59,109514.5,109415.67,355.92,38999919.67,57.7527199034672,34
650,1758938400,9/27/2025,2,109514.5,109567.64,109491.95,109415.69,294.75,32278560.87,57.7527199034672,34
651,1758942000,9/27/2025,3,109491.95,109818.2,109644.58,109472.17,408.75,44824803.83,57.7527199034672,34
652,1758945600,9/27/2025,4,109644.58,109822.37,109740.09,109606.5,433.53,47569086.73,57.7527199034672,34
653,1758949200,9/27/2025,5,109740.09,109766.51,109718.64,109679.82,269.55,29577978.34,57.7527199034672,34
654,1758952800,9/27/2025,6,109718.64,109720.83,109623.25,109575.53,199.99,21932060.47,57.7527199034672,34
655,1758956400,9/27/2025,7,109623.25,109648.82,109478.6,109415.71,161.55,17703659.07,57.7527199034672,34
656,1758960000,9/27/2025,8,109478.6,109478.78,109342.85,109331.35,339.3,37122332.53,57.7527199034672,34
657,1758963600,9/27/2025,9,109342.85,109427.81,109380.87,109156.33,371.51,40604251.61,57.7527199034672,34
658,1758967200,9/27/2025,10,109380.87,109555.02,109514.36,109345.72,307.22,33628503.43,57.7527199034672,34
659,1758970800,9/27/2025,11,109514.36,109524.15,109389.56,109363.42,132.64,14519121.56,57.7527199034672,34
660,1758974400,9/27/2025,12,109389.56,109561,109481.92,109322.65,313.43,34302752.5,57.7527199034672,34
661,1758978000,9/27/2025,13,109481.92,109491.8,109396.78,109389.93,228.74,25038060.69,57.7527199034672,34
662,1758981600,9/27/2025,14,109396.78,109479,109379.11,109344.19,234.71,25681176.68,57.7527199034672,34
663,1758985200,9/27/2025,15,109379.11,109506.14,109476.91,109285.03,501.24,54825400.21,57.7527199034672,34
664,1758988800,9/27/2025,16,109476.91,109504.24,109472.56,109396.81,382.61,41880088.41,57.7527199034672,34
665,1758992400,9/27/2025,17,109472.56,109497.11,109465.59,109334.27,442.49,48416299.26,57.7527199034672,34
666,1758996000,9/27/2025,18,109465.59,109521.74,109510.95,109431.34,270.55,29621209.44,57.7527199034672,34
667,1758999600,9/27/2025,19,109510.95,109524.98,109510.06,109467.85,208.72,22857163.19,57.7527199034672,34
668,1759003200,9/27/2025,20,109510.06,109528.17,109489.85,109448.95,209.86,22979380.71,57.7527199034672,34
669,1759006800,9/27/2025,21,109489.85,109573.23,109564.13,109488.94,171.06,18739745.65,57.7527199034672,34
670,1759010400,9/27/2025,22,109564.13,109795.18,109695.48,109564.13,304.78,33433677.42,57.7527199034672,34
671,1759014000,9/27/2025,23,109695.48,109699.42,109687.81,109687.27,3.824,419400.39,57.7527199034672,34
672,1759017600,9/28/2025,0,109727.42,109883.08,109706.62,109651.27,519.86,57042166.53,57.7724894490836,34
673,1759021200,9/28/2025,1,109706.62,109749.03,109451.85,109432.39,685.48,75105522.66,57.7724894490836,34
674,1759024800,9/28/2025,2,109451.85,109639.23,109541.27,109441.72,338.33,37062055.65,57.7724894490836,34
675,1759028400,9/28/2025,3,109541.27,109622.6,109539.55,109506.91,183.03,20054192.61,57.7724894490836,34
676,1759032000,9/28/2025,4,109539.55,109575.79,109472.99,109457.71,153.59,16823704.81,57.7724894490836,34
677,1759035600,9/28/2025,5,109472.99,109502.87,109450.16,109445.07,124.06,13585873.9,57.7724894490836,34
678,1759039200,9/28/2025,6,109450.16,109541.42,109505.44,109356.49,188.6,20647297.85,57.7724894490836,34
679,1759042800,9/28/2025,7,109505.44,109632.25,109598.38,109443.2,190.69,20893738.62,57.7724894490836,34
680,1759046400,9/28/2025,8,109598.38,109673.18,109608.55,109521.68,356.96,39125625.92,57.7724894490836,34
681,1759050000,9/28/2025,9,109608.55,109654.87,109608.61,109423.86,417.4,45726819.13,57.7724894490836,34
682,1759053600,9/28/2025,10,109608.61,109609.01,109459.67,109452.67,236.99,25955738.1,57.7724894490836,34
683,1759057200,9/28/2025,11,109459.67,109527.08,109466.94,109343.01,400.21,43778751.23,57.7724894490836,34
684,1759060800,9/28/2025,12,109466.94,109529.66,109393.09,109280.14,602.55,65931887.28,57.7724894490836,34
685,1759064400,9/28/2025,13,109393.09,109742.98,109707.28,109392.67,550.28,60302170.11,57.7724894490836,34
686,1759068000,9/28/2025,14,109707.28,109954.32,109924.52,109589.72,509.38,55912970.68,57.7724894490836,34
687,1759071600,9/28/2025,15,109924.52,110111.83,110111.71,109791.09,577.71,63521460.13,57.7724894490836,34
688,1759075200,9/28/2025,16,110111.71,110458.6,110286.94,110084.01,775.57,85491016.47,57.7724894490836,34
689,1759078800,9/28/2025,17,110286.94,110440.84,110278.91,110201.57,754.53,83242125.67,57.7724894490836,34
690,1759082400,9/28/2025,18,110278.91,110348.43,110348.43,110140.24,349.28,38504615.3,57.7724894490836,34
691,1759086000,9/28/2025,19,110348.43,110448.5,110403.87,110190.74,265.67,29318007.51,57.7724894490836,34
692,1759089600,9/28/2025,20,110403.87,111016.75,110889.47,110366.57,839.28,92975294.53,57.7724894490836,34
693,1759093200,9/28/2025,21,110889.47,110974.27,110901.42,110721.84,360.58,39973351.61,57.7724894490836,34
694,1759096800,9/28/2025,22,110901.42,112092.23,111997.1,110901.42,1456.46,162630386.59,57.7724894490836,34
695,1759100400,9/28/2025,23,111997.1,112180,112163.04,111997.1,49.24,5519205.37,57.7724894490836,34
696,1759104000,9/29/2025,0,112226.65,112375.85,112325.81,112047.05,952.35,106857167.67,57.7952497220199,39
697,1759104000,9/29/2025,0,112226.65,112375.85,112325.81,112047.05,952.35,106857167.67,58.1015,39
698,1759107600,9/29/2025,1,112325.81,112363.21,111909.43,111788.9,872.4,97803681.97,57.7952497220199,39
699,1759107600,9/29/2025,1,112325.81,112363.21,111909.43,111788.9,872.4,97803681.97,58.1015,39
700,1759111200,9/29/2025,2,111909.43,112071.3,111800.64,111686.07,841.87,94146841.08,57.7952497220199,39
701,1759111200,9/29/2025,2,111909.43,112071.3,111800.64,111686.07,841.87,94146841.08,58.1015,39
702,1759114800,9/29/2025,3,111800.64,111922.11,111922.11,111640.65,473.63,52932329.65,57.7952497220199,39
703,1759114800,9/29/2025,3,111800.64,111922.11,111922.11,111640.65,473.63,52932329.65,58.1015,39
704,1759118400,9/29/2025,4,111922.11,111960.75,111879.15,111814.31,397.49,44471837.03,57.7952497220199,39
705,1759118400,9/29/2025,4,111922.11,111960.75,111879.15,111814.31,397.49,44471837.03,58.1015,39
706,1759122000,9/29/2025,5,111879.15,111886.41,111812.21,111631.26,404.01,45139488.83,57.7952497220199,39
707,1759122000,9/29/2025,5,111879.15,111886.41,111812.21,111631.26,404.01,45139488.83,58.1015,39
708,1759125600,9/29/2025,6,111812.21,111918.5,111706.41,111690.55,456.19,51004357.03,57.7952497220199,39
709,1759125600,9/29/2025,6,111812.21,111918.5,111706.41,111690.55,456.19,51004357.03,58.1015,39
710,1759129200,9/29/2025,7,111706.41,111933.97,111930.56,111625.37,437.07,48844280.05,57.7952497220199,39
711,1759129200,9/29/2025,7,111706.41,111933.97,111930.56,111625.37,437.07,48844280.05,58.1015,39
712,1759132800,9/29/2025,8,111930.56,112464.29,112159.02,111929.34,747.99,83910548.91,57.7952497220199,39
713,1759132800,9/29/2025,8,111930.56,112464.29,112159.02,111929.34,747.99,83910548.91,58.1015,39
714,1759136400,9/29/2025,9,112159.02,112268.24,112158.22,112054.78,370.17,41516384.45,57.7952497220199,39
715,1759136400,9/29/2025,9,112159.02,112268.24,112158.22,112054.78,370.17,41516384.45,58.1015,39
716,1759140000,9/29/2025,10,112158.22,112288.49,112161.7,112090.04,422.56,47397922.58,57.7952497220199,39
717,1759140000,9/29/2025,10,112158.22,112288.49,112161.7,112090.04,422.56,47397922.58,58.1015,39
718,1759143600,9/29/2025,11,112161.7,112177.47,112167.01,111985.53,405.12,45407913.37,57.7952497220199,39
719,1759143600,9/29/2025,11,112161.7,112177.47,112167.01,111985.53,405.12,45407913.37,58.1015,39
720,1759147200,9/29/2025,12,112167.01,112571.37,112086.77,112003.42,815.29,91507556.12,57.7952497220199,39
721,1759147200,9/29/2025,12,112167.01,112571.37,112086.77,112003.42,815.29,91507556.12,58.1015,39
722,1759150800,9/29/2025,13,112086.77,113556.39,113304.9,111979.09,2390.36,269703132.34,57.7952497220199,39
723,1759150800,9/29/2025,13,112086.77,113556.39,113304.9,111979.09,2390.36,269703132.34,58.1015,39
724,1759154400,9/29/2025,14,113304.9,114333.01,114123.44,113290.02,2523.72,287442401.33,57.7952497220199,39
725,1759154400,9/29/2025,14,113304.9,114333.01,114123.44,113290.02,2523.72,287442401.33,58.1015,39
726,1759158000,9/29/2025,15,114123.44,114213.99,113896.3,113776.14,1167.69,133158214.22,57.7952497220199,39
727,1759158000,9/29/2025,15,114123.44,114213.99,113896.3,113776.14,1167.69,133158214.22,58.1015,39
728,1759161600,9/29/2025,16,113896.3,114148.31,113713.15,113689.54,844.21,96211803.38,57.7952497220199,39
729,1759161600,9/29/2025,16,113896.3,114148.31,113713.15,113689.54,844.21,96211803.38,58.1015,39
730,1759165200,9/29/2025,17,113713.15,114252.95,114138.36,113537.54,1076.83,122682942.19,57.7952497220199,39
731,1759165200,9/29/2025,17,113713.15,114252.95,114138.36,113537.54,1076.83,122682942.19,58.1015,39
732,1759168800,9/29/2025,18,114138.36,114232.77,114102.72,113951.82,611,69705968.14,57.7952497220199,39
733,1759168800,9/29/2025,18,114138.36,114232.77,114102.72,113951.82,611,69705968.14,58.1015,39
734,1759172400,9/29/2025,19,114102.72,114474.46,114351.79,113942.73,957.53,109368082.78,57.7952497220199,39
735,1759172400,9/29/2025,19,114102.72,114474.46,114351.79,113942.73,957.53,109368082.78,58.1015,39
736,1759176000,9/29/2025,20,114351.79,114496.59,114334.16,114211.84,1114.14,127433781.44,57.7952497220199,39
737,1759176000,9/29/2025,20,114351.79,114496.59,114334.16,114211.84,1114.14,127433781.44,58.1015,39
738,1759179600,9/29/2025,21,114334.16,114420.02,114254.73,114169.64,426.12,48704254.5,57.7952497220199,39
739,1759179600,9/29/2025,21,114334.16,114420.02,114254.73,114169.64,426.12,48704254.5,58.1015,39
740,1759183200,9/29/2025,22,114254.73,114293.91,114254.65,114091.98,357.45,40814397.84,57.7952497220199,39
741,1759183200,9/29/2025,22,114254.73,114293.91,114254.65,114091.98,357.45,40814397.84,58.1015,39
742,1759186800,9/29/2025,23,114254.65,114261.34,114261.34,114254.64,1.339,153055.26,57.7952497220199,39
743,1759186800,9/29/2025,23,114254.65,114261.34,114261.34,114254.64,1.339,153055.26,58.1015,39
744,1759190400,9/30/2025,0,114407.08,114831.66,114613.54,114134.28,953.98,109214291.83,59.12,43
745,1759194000,9/30/2025,1,114613.54,114866.53,114596.79,114366.76,965.06,110613257.03,59.08,43
746,1759197600,9/30/2025,2,114596.79,114668.77,114542.49,114457.7,737.94,84541620.6,59.07,43
747,1759201200,9/30/2025,3,114542.49,114599.52,114448.17,114386.66,375.54,42988520.42,59.12,43
748,1759204800,9/30/2025,4,114448.17,114450.7,114167.44,114165.03,317.03,36239325.07,59.13,43
749,1759208400,9/30/2025,5,114167.44,114279.8,113978.05,113911.25,562.18,64127863.98,59.01,43
750,1759212000,9/30/2025,6,113978.05,114150.74,113964.16,113916.16,425.55,48517034.66,59.001,43
751,1759215600,9/30/2025,7,113964.16,114062.32,113780.1,113664.07,522,59419027.39,59.01,43
752,1759219200,9/30/2025,8,113780.1,113810.97,113519.19,113413.71,780.83,88718190.44,59.09,43
753,1759222800,9/30/2025,9,113519.19,113521.45,112841.02,112806.45,960.31,108675096.44,59.08,43
754,1759226400,9/30/2025,10,112841.02,113142.5,112981.8,112727.79,902.66,101938797.38,59.17,43
755,1759230000,9/30/2025,11,112981.8,113200.21,113120.98,112873.44,493.9,55816063.29,59.19,43
756,1759233600,9/30/2025,12,113120.98,113316.43,113066.8,113052.28,681.7,77155568.12,59.13,43
757,1759237200,9/30/2025,13,113066.8,113742.4,113471.39,112923.32,1667.41,188985338.54,59.16,43
758,1759240800,9/30/2025,14,113471.39,113685.48,113658.17,112977.21,2081.66,235839612.73,59.01,43
759,1759244400,9/30/2025,15,113658.17,113660.01,113157.05,112973.83,1362.1,154224383.25,59.01,43
760,1759248000,9/30/2025,16,113157.05,113314.71,112867.83,112820.02,1318.03,149003392.85,59.01,43
761,1759251600,9/30/2025,17,112867.83,113553.39,113292.84,112842.15,1366.45,154768911.1,59.06,43
762,1759255200,9/30/2025,18,113292.84,113744.17,113740.84,113222.81,1093.27,124059343,59.06,43
763,1759258800,9/30/2025,19,113740.84,114596.82,114393.01,113735.01,2157.62,246196294.71,59.06,43
764,1759262400,9/30/2025,20,114393.01,114753.42,114659.61,114155.8,1300.27,148740813.73,59.06,43
765,1759266000,9/30/2025,21,114659.61,114795.13,114203.15,114179.68,856.55,98092507.96,59.06,43
766,1759269600,9/30/2025,22,114203.15,114389.96,113971.14,113926.16,552,62977240.81,59.06,43
767,1759273200,9/30/2025,23,113971.14,113984.02,113952.27,113949.24,17.44,1987145.11,59.08,43
768,1759276800,10/1/2025,0,114078.18,114326.56,114270.84,114004.91,856.75,97805288.46,58.06,42
769,1759280400,10/1/2025,1,114270.84,114581.33,114581.24,114177.2,1065.35,121855991.26,58.07,42
770,1759284000,10/1/2025,2,114581.24,114584.08,114303.29,114302.67,855.22,97873239.96,58.08,42
771,1759287600,10/1/2025,3,114303.29,114556.52,114217.96,114128.6,1021.89,116891601.02,58.09,42
772,1759291200,10/1/2025,4,114217.96,114733.24,114323.95,114189.29,885.25,101357810.67,58.1,42
773,1759294800,10/1/2025,5,114323.95,114768.83,114610.38,114300.52,833.84,95550304.09,58.11,42
774,1759298400,10/1/2025,6,114610.38,114660.93,114305.49,114268.16,842.83,96476952.48,58.12,42
775,1759302000,10/1/2025,7,114305.49,114646.88,114597.14,114287.08,427.99,49016585.01,58.13,42
776,1759305600,10/1/2025,8,114597.14,116597.87,116173.26,114540.84,2929.15,338459832.93,58.14,42
777,1759309200,10/1/2025,9,116173.26,116584.26,116469.53,116008.24,1240.21,144271272.12,58.15,42
778,1759312800,10/1/2025,10,116469.53,116608.22,116325.41,116257.67,701.04,81588199.04,58.16,42
779,1759316400,10/1/2025,11,116325.41,116846.77,116837.65,116321.17,559.66,65237754.68,58.17,42
780,1759320000,10/1/2025,12,116837.65,116947.73,116463.13,116414.95,1134.39,132365297.98,58.18,42
781,1759323600,10/1/2025,13,116463.13,116905.82,116873.76,116462.44,1635.54,190776103.11,58.19,42
782,1759327200,10/1/2025,14,116873.76,117509.91,117398.66,116790.42,2518.57,295273641.86,58.2,42
783,1759330800,10/1/2025,15,117398.66,117727.88,117513.12,117190.92,1190.7,139868913.24,58.21,42
784,1759334400,10/1/2025,16,117513.12,118280.37,117635.37,117410.46,2453.15,289217412.84,58.22,42
785,1759338000,10/1/2025,17,117635.37,117781.72,116844.57,116790.05,1538.83,180481770.28,58.23,42
786,1759341600,10/1/2025,18,116844.57,117411.58,117298.78,116839.03,1069.13,125229416.71,58.24,42
787,1759345200,10/1/2025,19,117298.78,117692.8,117504.04,117280.21,1059.22,124470691.95,58.25,42
788,1759348800,10/1/2025,20,117504.04,117608.76,117605.91,117240.95,734.35,86235753.51,58.26,42
789,1759352400,10/1/2025,21,117605.91,117656.34,117628.87,117409.8,306.26,36000534.55,58.27,42
790,1759356000,10/1/2025,22,117628.87,118157.15,117821.31,117626.88,818.95,96551977.62,58.28,42
791,1759359600,10/1/2025,23,117821.31,117832.46,117823.02,117815.19,6.929,816475.43,58.96,42
792,1759363200,10/2/2025,0,118666.73,119508.79,118507.47,118488.71,2457.1,292466484.33,58.96,51
793,1759366800,10/2/2025,1,118507.47,118953.97,118697.87,118440.7,877,104099036.68,58.96,51
794,1759370400,10/2/2025,2,118697.87,118846.29,118813.96,118551.71,911.76,108246757.57,58.96,51
795,1759374000,10/2/2025,3,118813.96,119134.41,118803.68,118770.13,728.05,86605399.78,58.96,51
796,1759377600,10/2/2025,4,118803.68,118994.54,118723.22,118503.18,568.28,67466673.58,58.96,51
797,1759381200,10/2/2025,5,118723.22,118747.68,118441.74,118356.65,439.57,52114117.68,58.96,51
798,1759384800,10/2/2025,6,118441.74,118752.15,118730.23,118375.5,552.3,65492054.18,58.06,51
799,1759388400,10/2/2025,7,118730.23,118750.33,118574.68,118513.13,342.88,40671517.87,59.01,51
800,1759392000,10/2/2025,8,118574.68,118748.84,118745.74,118436.18,389.82,46232770.7,58.94,51
801,1759395600,10/2/2025,9,118745.74,118931.72,118931.72,118638.88,420.53,49942588.62,58.87,51
802,1759399200,10/2/2025,10,118931.72,118993.62,118693.9,118661.15,401.19,47660095.38,58.8,51
803,1759402800,10/2/2025,11,118693.9,118964.76,118839.27,118618.09,298.27,35430165.18,58.73,51
804,1759406400,10/2/2025,12,118839.27,119484.15,119483.17,118820.14,1032.69,123111639.79,58.66,51
805,1759410000,10/2/2025,13,119483.17,119857.64,119712.02,119003.78,2483.05,296771282.86,58.59,51
806,1759413600,10/2/2025,14,119712.02,119882.26,118902.9,118759.03,1994.28,238143688.75,58.52,51
807,1759417200,10/2/2025,15,118902.9,120004.38,120004.38,118610.28,1927.56,230252786.09,58.45,51
808,1759420800,10/2/2025,16,120004.38,120385.24,119824.14,119706.78,2221.54,266706829.22,58.38,51
809,1759424400,10/2/2025,17,119824.14,120040.38,120005.95,119455.43,1483.51,177582004.66,58.31,51
810,1759428000,10/2/2025,18,120005.95,120755.93,120609.54,119995.25,2089.53,251325954.13,58.24,51
811,1759431600,10/2/2025,19,120609.54,121107.24,120932.39,120547.66,2184.19,264052128.17,58.17,51
812,1759435200,10/2/2025,20,120932.39,121009.45,120735.7,120406.28,1647.97,198915367.18,58.1,51
813,1759438800,10/2/2025,21,120735.7,120852.39,120238.74,120233.59,633.57,76363940.88,58.03,51
814,1759442400,10/2/2025,22,120238.74,120506.12,120345.61,120163.74,817.73,98413019.21,58.03,51
815,1759446000,10/2/2025,23,120345.61,120413.41,120413.41,120338.91,17.84,2146893.96,58.03,51
816,1759449600,10/3/2025,0,120630.71,120651.29,120240.15,120196.83,1044.79,125745043.6,58.88,57
817,1759453200,10/3/2025,1,120240.15,120398.26,119984.37,119945.61,1176.57,141445180.18,58.88,57
818,1759456800,10/3/2025,2,119984.37,120373.38,120270.79,119974.86,891.73,107162959.57,58.88,57
819,1759460400,10/3/2025,3,120270.79,120584.66,120334.96,120263.34,646.23,77827444.1,58.88,57
820,1759464000,10/3/2025,4,120334.96,120419.19,120153.04,120115.94,439.19,52824791.55,58.88,57
821,1759467600,10/3/2025,5,120153.04,120183.22,120026.18,119864.29,552.05,66262009.64,58.88,57
822,1759471200,10/3/2025,6,120026.18,120174.58,120012.27,119874.38,532.31,63897091.41,58.88,57
823,1759474800,10/3/2025,7,120012.27,120110.31,119744.78,119727.01,1024.54,122788862.62,58.88,57
824,1759478400,10/3/2025,8,119744.78,120181.02,120146.26,119348.63,1366.97,163687257.69,58.88,57
825,1759482000,10/3/2025,9,120146.26,120464.21,120404.21,120113.98,938.76,112925406.42,58.88,57
826,1759485600,10/3/2025,10,120404.21,120616.12,120534.32,120371.02,739.42,89101438.52,58.88,57
827,1759489200,10/3/2025,11,120534.32,120565.2,120439.04,120236.31,482.94,58154883.09,58.88,57
828,1759492800,10/3/2025,12,120439.04,120501.75,120474.06,120206.68,1001.75,120596803.91,58.88,57
829,1759496400,10/3/2025,13,120474.06,120803.8,120485.32,120240.8,1550.27,186825037.47,58.88,57
830,1759500000,10/3/2025,14,120485.32,121104.03,121031.24,119994.52,2254.51,271864653.5,58.88,57
831,1759503600,10/3/2025,15,121031.24,122475.95,122381.77,120762.75,2934.56,356829474.25,58.88,57
832,1759507200,10/3/2025,16,122381.77,123996.37,122651.46,122381.71,5287.91,652090739.82,58.88,57
833,1759510800,10/3/2025,17,122651.46,123193.62,122162.57,121689.9,4797,587558301.82,58.88,57
834,1759514400,10/3/2025,18,122162.57,122819.44,122625.02,121558.25,2581.33,315810405.8,58.88,57
835,1759518000,10/3/2025,19,122625.02,123068.76,122774.81,122449.36,2987.68,366801003.36,58.88,57
836,1759521600,10/3/2025,20,122774.81,122824.4,122551.41,122139.05,1238.79,151695797.35,58.88,57
837,1759525200,10/3/2025,21,122551.41,122553.42,122415.48,122113.62,576.48,70539857.63,58.88,57
838,1759528800,10/3/2025,22,122415.48,122756.31,122566.41,122412.97,349.5,42840839.09,58.88,57
839,1759532400,10/3/2025,23,122566.41,122566.72,122539.51,122538.25,5.088,623461.72,58.88,57
840,1759536000,10/4/2025,0,122318.86,122385.11,122206.68,122088.93,559.58,68394890.13,58.99,59
841,1759539600,10/4/2025,1,122206.68,122210.75,121957.15,121792.75,637.88,77840497.81,59.03,59
842,1759543200,10/4/2025,2,121957.15,122138.66,121948.08,121777.42,702.57,85670458.26,59.07,59
843,1759546800,10/4/2025,3,121948.08,122420.54,122337.96,121932.76,420.15,51313105.16,59.11,59
844,1759550400,10/4/2025,4,122337.96,122627.87,122595.48,122320.36,470.9,57672412.56,59.15,59
845,1759554000,10/4/2025,5,122595.48,122898.15,122622.82,122506.22,541.49,66441365.4,59.19,59
846,1759557600,10/4/2025,6,122622.82,122702.12,122531.15,122484.18,387.45,47505012.92,59.23,59
847,1759561200,10/4/2025,7,122531.15,122536.74,122401.35,122344.3,210.12,25725687.06,59.23,59
848,1759564800,10/4/2025,8,122401.35,122620.16,122356.39,122279.33,327.04,40052045.44,59.23,59
849,1759568400,10/4/2025,9,122356.39,122537.64,122298.56,122271.21,189.73,23224342.18,59.23,59
850,1759572000,10/4/2025,10,122298.56,122412.83,122197.49,122188.85,216.8,26514705.92,59.23,59
851,1759575600,10/4/2025,11,122197.49,122300.92,122059.3,122047.97,287.7,35142801.86,59.23,59
852,1759579200,10/4/2025,12,122059.3,122190.83,122089.52,122035.39,257.09,31393457.92,59.23,59
853,1759582800,10/4/2025,13,122089.52,122579.56,122473.46,122089.1,529.41,64819558.22,59.23,59
854,1759586400,10/4/2025,14,122473.46,122541.58,122083.56,122083.55,338.2,41375447.03,59.23,59
855,1759590000,10/4/2025,15,122083.56,122208.84,121869.54,121781.73,692.38,84447719.95,59.23,59
856,1759593600,10/4/2025,16,121869.54,122042.26,121802.55,121671.86,946.97,115372579.85,59.23,59
857,1759597200,10/4/2025,17,121802.55,121997.09,121825.26,121748.34,335.8,40921814.9,59.23,59
858,1759600800,10/4/2025,18,121825.26,121907.78,121654.72,121598.23,442.73,53906700.93,59.23,59
859,1759604400,10/4/2025,19,121654.72,122037.19,122037.01,121654.48,273.71,33359201.55,59.23,59
860,1759608000,10/4/2025,20,122037.01,122151.43,121959.56,121959.56,272.55,33270479.66,59.23,59
861,1759611600,10/4/2025,21,121959.56,122410.03,122256.94,121942.78,349.83,42765726.77,59.23,59
862,1759615200,10/4/2025,22,122256.94,122422.82,122359.22,122204.55,269.1,32917534.49,59.23,59
863,1759618800,10/4/2025,23,122359.22,122359.31,122345.45,122345.15,5.227,639479.72,59.23,59
